EventName,Order.Date,YQ,Adult,Senior Citizen,Student,Other,Candy,Non-Alcoholic Beverages,Popcorn,Booze,Baked Goods,Promotions,main_genre
A Ghost Story,7/31/2017 19:30,2017 Q 3,11,5,9,1,2,0,1,7,0,0,Drama
A Ghost Story,8/1/2017 19:30,2017 Q 3,15,2,2,0,1,4,3,3,0,0,Drama
A Ghost Story,7/29/2017 17:00,2017 Q 3,6,2,3,0,1,1,1,0,0,0,Drama
A Ghost Story,8/6/2017 16:30,2017 Q 3,9,9,1,0,0,3,3,3,0,0,Drama
A Ghost Story,7/31/2017 17:00,2017 Q 3,13,2,0,0,3,4,5,4,0,0,Drama
A Ghost Story,8/8/2017 17:00,2017 Q 3,9,6,1,0,0,1,6,6,0,0,Drama
A Ghost Story,8/9/2017 21:30,2017 Q 3,11,0,7,0,2,3,0,3,0,0,Drama
A Ghost Story,7/30/2017 19:30,2017 Q 3,9,4,2,0,2,1,3,5,0,0,Drama
A Ghost Story,8/1/2017 17:00,2017 Q 3,3,2,0,1,0,2,2,1,0,0,Drama
A Ghost Story,7/30/2017 14:30,2017 Q 3,13,9,2,0,0,3,3,1,0,0,Drama
A Ghost Story,7/30/2017 17:00,2017 Q 3,8,4,2,0,0,5,2,0,0,0,Drama
A Ghost Story,8/4/2017 19:00,2017 Q 3,16,3,6,0,0,0,2,5,0,0,Drama
A Ghost Story,7/28/2017 19:30,2017 Q 3,22,17,9,0,2,1,3,4,0,0,Drama
A Ghost Story,8/2/2017 19:30,2017 Q 3,17,4,0,0,0,2,2,1,0,0,Drama
A Ghost Story,7/29/2017 19:30,2017 Q 3,25,12,1,0,4,8,7,2,0,0,Drama
A Ghost Story,8/5/2017 19:00,2017 Q 3,9,12,2,0,1,2,2,3,0,0,Drama
A Ghost Story,8/3/2017 17:00,2017 Q 3,4,2,0,0,0,2,3,0,0,0,Drama
A Ghost Story,7/29/2017 14:30,2017 Q 3,7,4,4,0,0,1,1,0,0,0,Drama
A Ghost Story,8/3/2017 19:30,2017 Q 3,14,1,1,0,5,1,3,4,0,0,Drama
A Ghost Story,8/7/2017 17:00,2017 Q 3,10,5,1,0,1,3,0,1,0,0,Drama
A Ghost Story,8/2/2017 17:00,2017 Q 3,7,3,2,0,0,1,2,0,0,0,Drama
A Goofy Movie,8/30/2017 22:00,2017 Q 3,0,0,0,218,14,32,40,22,0,0,Animation
A Hard Day's Night,7/15/2017 22:00,2017 Q 3,23,0,0,0,1,4,2,5,0,0,Comedy
A Hard Day's Night,7/20/2017 22:00,2017 Q 3,21,0,0,0,1,2,4,2,0,0,Comedy
A Hard Day's Night,7/14/2017 22:00,2017 Q 3,26,0,0,1,1,3,4,5,0,0,Comedy
A League of Their Own,1/15/2019 19:30,2019 Q 1,40,0,2,2,7,6,11,14,0,0,Comedy
A Quiet Place,9/2/2018 12:00,2018 Q 3,18,0,6,2,1,6,4,4,0,0,Drama
A Quiet Place,8/31/2018 21:30,2018 Q 3,50,0,0,4,4,4,8,9,0,0,Drama
A Quiet Place,9/1/2018 21:30,2018 Q 3,38,0,0,0,1,4,5,7,0,0,Drama
A Quiet Place,9/6/2018 21:30,2018 Q 3,39,0,0,1,3,3,6,11,0,0,Drama
Akira,12/3/2016 22:00,2016 Q 4,112,0,0,0,5,19,20,20,0,0,Animation
Akira,12/2/2016 22:00,2016 Q 4,86,0,0,0,8,14,12,20,0,0,Animation
Akira,12/8/2016 22:00,2016 Q 4,78,0,0,0,6,14,17,17,0,0,Animation
Akira,12/7/2016 22:00,2016 Q 4,46,0,0,1,4,12,9,9,0,0,Animation
Andrei Rublev,10/9/2018 19:00,2018 Q 4,24,7,7,3,0,4,8,9,0,0,Biography
Annihilation,5/20/2018 12:00,2018 Q 2,22,0,5,5,0,4,5,6,0,0,Adventure
Annihilation,5/17/2018 19:30,2018 Q 2,23,6,10,1,2,5,5,10,0,0,Adventure
Annihilation,5/18/2018 22:00,2018 Q 2,41,0,0,0,2,4,8,12,0,0,Adventure
Annihilation,5/24/2018 22:00,2018 Q 2,49,0,0,2,3,7,10,14,0,0,Adventure
Annihilation,5/19/2018 22:00,2018 Q 2,33,0,0,0,0,3,7,5,0,0,Adventure
Arrival,2/4/2017 12:00,2017 Q 1,19,0,7,9,3,8,11,0,0,0,Drama
Arrival,2/4/2017 22:00,2017 Q 1,44,0,0,1,6,5,4,15,0,0,Drama
Arrival,2/8/2017 22:00,2017 Q 1,10,0,0,0,0,1,1,3,0,0,Drama
Arrival,2/5/2017 12:00,2017 Q 1,26,0,7,28,1,12,13,1,0,0,Drama
Arrival,2/3/2017 22:00,2017 Q 1,26,0,0,2,2,1,5,6,0,0,Drama
At Eternity's Gate,2/6/2019 17:00,2019 Q 1,3,4,1,3,0,3,0,0,0,0,Biography
At Eternity's Gate,1/5/2019 19:00,2019 Q 1,38,51,10,3,2,5,9,11,0,0,Biography
At Eternity's Gate,2/7/2019 14:00,2019 Q 1,5,12,1,1,1,5,5,2,0,0,Biography
At Eternity's Gate,1/4/2019 19:00,2019 Q 1,34,45,7,4,6,9,11,8,0,0,Biography
At Eternity's Gate,1/7/2019 17:00,2019 Q 1,15,39,5,0,0,0,10,7,0,0,Biography
At Eternity's Gate,2/3/2019 19:30,2019 Q 1,12,4,3,0,0,0,1,3,0,0,Biography
At Eternity's Gate,2/2/2019 16:30,2019 Q 1,22,16,2,1,2,10,8,4,0,0,Biography
At Eternity's Gate,2/5/2019 19:30,2019 Q 1,12,6,2,5,1,2,2,5,0,0,Biography
At Eternity's Gate,2/1/2019 16:30,2019 Q 1,11,19,1,0,0,3,4,5,0,0,Biography
At Eternity's Gate,1/5/2019 16:30,2019 Q 1,16,37,0,5,0,9,8,5,0,0,Biography
At Eternity's Gate,1/8/2019 19:30,2019 Q 1,35,34,7,3,0,12,13,10,0,0,Biography
At Eternity's Gate,1/6/2019 14:30,2019 Q 1,37,55,4,3,3,8,7,10,0,0,Biography
At Eternity's Gate,1/10/2019 19:00,2019 Q 1,37,52,10,0,6,12,20,13,0,0,Biography
Batman: The Movie,6/28/2017 19:30,2017 Q 2,146,0,0,0,8,14,16,20,0,0,Action
Before Night Falls,6/19/2019 19:30,2019 Q 2,3,0,0,6,0,1,0,1,0,0,Biography
Big,7/27/2016 19:30,2016 Q 3,11,2,1,3,0,3,2,2,0,0,Comedy
BlacKkKlansman,8/16/2018 16:00,2018 Q 3,4,2,0,0,1,3,1,1,0,0,Biography
BlacKkKlansman,8/25/2018 19:00,2018 Q 3,29,15,11,2,5,7,7,11,0,0,Biography
BlacKkKlansman,8/30/2018 19:00,2018 Q 3,15,4,10,2,2,2,4,1,0,0,Biography
BlacKkKlansman,8/25/2018 16:00,2018 Q 3,0,6,2,0,0,0,1,2,0,0,Biography
BlacKkKlansman,8/16/2018 19:00,2018 Q 3,42,18,14,1,1,5,8,20,0,0,Biography
BlacKkKlansman,8/20/2018 19:00,2018 Q 3,47,23,17,3,5,12,19,16,0,0,Biography
BlacKkKlansman,8/20/2018 16:00,2018 Q 3,7,10,3,0,0,3,3,2,0,0,Biography
BlacKkKlansman,8/30/2018 16:00,2018 Q 3,3,0,0,1,0,2,1,0,0,0,Biography
BlacKkKlansman,8/23/2018 19:00,2018 Q 3,23,6,3,0,4,3,2,4,0,0,Biography
BlacKkKlansman,8/14/2018 16:00,2018 Q 3,2,0,16,2,2,4,7,4,0,0,Biography
BlacKkKlansman,8/11/2018 16:00,2018 Q 3,34,30,4,4,2,6,23,16,0,0,Biography
BlacKkKlansman,8/16/2018 13:00,2018 Q 3,2,2,1,0,1,1,1,0,0,0,Biography
BlacKkKlansman,8/11/2018 13:00,2018 Q 3,19,16,2,0,0,4,5,2,0,0,Biography
BlacKkKlansman,8/25/2018 13:00,2018 Q 3,7,3,0,0,2,3,3,1,0,0,Biography
BlacKkKlansman,8/11/2018 19:00,2018 Q 3,77,29,23,2,4,9,14,24,0,0,Biography
BlacKkKlansman,8/26/2018 19:00,2018 Q 3,15,0,1,0,0,0,2,2,0,0,Biography
BlacKkKlansman,8/19/2018 16:00,2018 Q 3,24,12,8,1,1,5,8,3,0,0,Biography
BlacKkKlansman,8/26/2018 13:00,2018 Q 3,3,4,0,0,0,2,1,1,0,0,Biography
BlacKkKlansman,8/12/2018 19:00,2018 Q 3,45,11,5,0,1,11,19,18,0,0,Biography
BlacKkKlansman,8/24/2018 19:00,2018 Q 3,30,20,18,0,6,9,15,24,0,0,Biography
BlacKkKlansman,8/13/2018 16:30,2018 Q 3,5,3,4,0,0,0,3,4,0,0,Biography
BlacKkKlansman,8/15/2018 16:00,2018 Q 3,4,11,1,0,1,0,0,1,0,0,Biography
BlacKkKlansman,8/10/2018 19:00,2018 Q 3,36,13,20,13,1,8,23,25,0,0,Biography
BlacKkKlansman,8/29/2018 16:00,2018 Q 3,3,7,0,4,0,2,2,2,0,0,Biography
BlacKkKlansman,8/14/2018 19:00,2018 Q 3,50,7,20,0,2,7,11,17,0,0,Biography
BlacKkKlansman,8/15/2018 19:00,2018 Q 3,29,8,12,0,3,7,10,14,0,0,Biography
BlacKkKlansman,8/15/2018 22:00,2018 Q 3,6,0,0,1,0,2,2,3,0,0,Biography
BlacKkKlansman,8/22/2018 16:00,2018 Q 3,1,6,6,0,1,3,3,2,0,0,Biography
BlacKkKlansman,8/10/2018 16:00,2018 Q 3,9,7,2,1,0,2,3,3,0,0,Biography
BlacKkKlansman,8/12/2018 13:00,2018 Q 3,16,7,3,0,3,5,5,1,0,0,Biography
BlacKkKlansman,8/26/2018 16:00,2018 Q 3,16,7,8,0,2,8,9,1,0,0,Biography
BlacKkKlansman,8/19/2018 13:00,2018 Q 3,19,13,6,3,5,8,6,4,0,0,Biography
BlacKkKlansman,8/23/2018 13:00,2018 Q 3,0,3,2,0,0,0,0,2,0,0,Biography
BlacKkKlansman,8/18/2018 19:00,2018 Q 3,50,28,22,3,3,5,12,16,0,0,Biography
BlacKkKlansman,8/18/2018 13:00,2018 Q 3,16,18,4,0,1,1,4,0,0,0,Biography
BlacKkKlansman,8/12/2018 16:00,2018 Q 3,39,18,7,27,3,13,13,6,0,0,Biography
BlacKkKlansman,8/19/2018 19:00,2018 Q 3,44,14,14,0,6,7,9,17,0,0,Biography
BlacKkKlansman,8/18/2018 16:00,2018 Q 3,18,16,2,0,1,11,4,3,0,0,Biography
BlacKkKlansman,8/28/2018 16:00,2018 Q 3,1,2,1,2,0,3,3,0,0,0,Biography
BlacKkKlansman,8/27/2018 19:00,2018 Q 3,4,1,2,4,0,0,3,0,0,0,Biography
BlacKkKlansman,8/24/2018 16:00,2018 Q 3,7,2,0,0,2,2,2,0,0,0,Biography
BlacKkKlansman,8/17/2018 19:00,2018 Q 3,29,16,18,2,5,2,12,21,0,0,Biography
BlacKkKlansman,8/10/2018 13:00,2018 Q 3,13,5,1,0,1,2,6,1,0,0,Biography
BlacKkKlansman,8/17/2018 13:00,2018 Q 3,6,6,0,0,0,1,3,3,0,0,Biography
BlacKkKlansman,8/21/2018 16:30,2018 Q 3,4,10,5,0,0,1,3,0,0,0,Biography
BlacKkKlansman,8/27/2018 16:00,2018 Q 3,3,1,2,2,1,2,2,0,0,0,Biography
BlacKkKlansman,8/23/2018 16:00,2018 Q 3,5,3,3,0,0,0,3,1,0,0,Biography
BlacKkKlansman,8/17/2018 16:00,2018 Q 3,2,4,1,1,0,2,2,0,0,0,Biography
BlacKkKlansman,8/28/2018 19:00,2018 Q 3,4,2,6,0,1,1,1,1,0,0,Biography
BlacKkKlansman,8/22/2018 22:00,2018 Q 3,12,0,0,0,1,1,1,2,0,0,Biography
Blade,3/20/2017 19:00,2017 Q 1,22,3,8,3,3,4,5,11,0,0,Action
Blade Runner,1/27/2017 22:00,2017 Q 1,90,0,0,0,4,19,18,19,0,0,Action
Blade Runner,2/2/2017 22:00,2017 Q 1,80,0,0,1,3,12,11,17,0,0,Action
Blade Runner,1/29/2017 11:30,2017 Q 1,12,0,2,0,3,3,5,1,0,0,Action
Blade Runner,1/28/2017 22:00,2017 Q 1,126,0,0,1,8,17,25,38,0,0,Action
Blade Runner,2/1/2017 22:00,2017 Q 1,47,0,0,0,2,11,14,14,0,0,Action
Blade Runner 2049,3/31/2018 22:00,2018 Q 1,87,0,0,2,0,7,8,4,0,0,Action
Blade Runner 2049,3/30/2018 22:00,2018 Q 1,3,0,0,0,1,4,6,6,0,0,Action
Blade Runner 2049,4/4/2018 22:00,2018 Q 2,38,0,0,1,2,5,8,6,0,0,Action
Blindspotting,9/8/2018 19:30,2018 Q 3,30,11,6,0,1,5,3,12,0,0,Comedy
Blindspotting,9/9/2018 19:30,2018 Q 3,9,0,2,1,1,0,3,1,0,0,Comedy
Blindspotting,9/13/2018 14:30,2018 Q 3,7,11,0,0,0,3,4,1,0,0,Comedy
Blindspotting,9/8/2018 14:30,2018 Q 3,19,13,4,1,3,4,7,8,0,0,Comedy
Blindspotting,9/13/2018 17:00,2018 Q 3,5,5,0,2,0,2,0,3,0,0,Comedy
Blindspotting,9/7/2018 19:30,2018 Q 3,19,7,9,2,2,1,5,5,0,0,Comedy
Blindspotting,9/11/2018 17:00,2018 Q 3,8,8,2,1,1,2,2,4,0,0,Comedy
Blindspotting,9/12/2018 14:30,2018 Q 3,6,2,2,1,0,0,1,1,0,0,Comedy
Blindspotting,9/12/2018 17:00,2018 Q 3,11,1,2,0,1,5,6,3,0,0,Comedy
Blockers,4/5/2018 19:30,2018 Q 2,0,0,0,1,4,7,17,7,0,0,Comedy
Booksmart,6/30/2019 19:30,2019 Q 2,10,3,1,0,1,5,4,1,0,0,Comedy
Booksmart,6/23/2019 17:00,2019 Q 2,46,7,4,0,4,12,9,6,0,0,Comedy
Booksmart,6/22/2019 21:30,2019 Q 2,52,0,0,0,8,5,12,10,0,0,Comedy
Booksmart,6/26/2019 19:30,2019 Q 2,31,3,20,1,5,5,9,11,0,0,Comedy
Booksmart,6/21/2019 21:30,2019 Q 2,39,0,0,2,1,3,6,10,0,0,Comedy
Booksmart,6/29/2019 16:30,2019 Q 2,17,3,2,0,0,2,2,5,0,0,Comedy
Booksmart,7/3/2019 19:30,2019 Q 3,14,5,6,7,1,4,7,10,0,0,Comedy
Boyz n the Hood,5/5/2019 14:00,2019 Q 2,5,3,6,1,1,4,4,1,0,0,Crime
Brazil,5/24/2019 21:30,2019 Q 2,11,0,0,2,2,3,1,4,0,0,Drama
Brazil,5/25/2019 21:30,2019 Q 2,30,0,0,2,1,3,4,12,0,0,Drama
Butch Cassidy and the Sundance Kid,12/10/2018 19:30,2018 Q 4,21,8,10,7,6,4,3,5,0,0,Biography
Can You Ever Forgive Me?,11/18/2018 17:00,2018 Q 4,10,26,1,0,0,5,5,4,0,0,Biography
Can You Ever Forgive Me?,11/17/2018 19:30,2018 Q 4,42,34,2,2,2,10,11,13,0,0,Biography
Can You Ever Forgive Me?,11/20/2018 16:30,2018 Q 4,8,11,1,1,0,2,5,3,0,0,Biography
Can You Ever Forgive Me?,11/29/2018 19:30,2018 Q 4,16,8,0,1,2,6,9,3,0,0,Biography
Can You Ever Forgive Me?,11/18/2018 14:30,2018 Q 4,18,25,2,1,0,5,8,0,0,0,Biography
Can You Ever Forgive Me?,11/17/2018 14:30,2018 Q 4,12,27,1,0,1,10,11,4,0,0,Biography
Can You Ever Forgive Me?,11/28/2018 19:30,2018 Q 4,13,8,5,0,2,3,7,2,0,0,Biography
Can You Ever Forgive Me?,11/24/2018 17:00,2018 Q 4,20,18,0,0,0,4,5,11,0,0,Biography
Can You Ever Forgive Me?,11/16/2018 19:30,2018 Q 4,42,19,11,1,2,3,11,15,0,0,Biography
Can You Ever Forgive Me?,11/23/2018 17:00,2018 Q 4,18,19,0,2,2,1,4,7,0,0,Biography
Can You Ever Forgive Me?,11/22/2018 19:30,2018 Q 4,25,14,2,0,2,6,3,2,0,0,Biography
Can You Ever Forgive Me?,11/19/2018 17:00,2018 Q 4,5,13,1,0,1,3,3,0,0,0,Biography
Can You Ever Forgive Me?,11/29/2018 17:00,2018 Q 4,9,4,0,0,0,2,1,4,0,0,Biography
Can You Ever Forgive Me?,11/18/2018 19:30,2018 Q 4,10,9,0,1,0,0,4,5,0,0,Biography
Can You Ever Forgive Me?,11/16/2018 17:00,2018 Q 4,11,27,0,2,1,6,11,7,0,0,Biography
Can You Ever Forgive Me?,11/28/2018 17:00,2018 Q 4,8,8,4,0,2,3,6,4,0,0,Biography
Can You Ever Forgive Me?,11/17/2018 17:00,2018 Q 4,17,41,1,0,3,5,7,13,0,0,Biography
Can You Ever Forgive Me?,11/21/2018 19:30,2018 Q 4,2,12,6,0,1,4,5,2,0,0,Biography
Can You Ever Forgive Me?,11/24/2018 19:30,2018 Q 4,18,15,2,0,1,3,4,1,0,0,Biography
Can You Ever Forgive Me?,11/19/2018 19:30,2018 Q 4,6,7,2,0,0,0,2,3,0,0,Biography
Can You Ever Forgive Me?,11/25/2018 14:30,2018 Q 4,14,38,0,0,1,7,7,0,0,0,Biography
Can You Ever Forgive Me?,11/22/2018 17:00,2018 Q 4,12,8,1,0,0,3,2,0,0,0,Biography
Can You Ever Forgive Me?,11/27/2018 16:30,2018 Q 4,4,16,0,0,1,3,2,6,0,0,Biography
Can You Ever Forgive Me?,11/21/2018 17:00,2018 Q 4,6,4,2,0,0,3,3,0,0,0,Biography
Can You Ever Forgive Me?,11/26/2018 16:30,2018 Q 4,1,13,0,0,0,2,2,1,0,0,Biography
Can You Ever Forgive Me?,11/25/2018 17:00,2018 Q 4,4,16,0,0,2,3,4,4,0,0,Biography
Can You Ever Forgive Me?,11/22/2018 14:30,2018 Q 4,6,7,0,0,0,3,2,2,0,0,Biography
Can You Ever Forgive Me?,11/25/2018 19:30,2018 Q 4,10,5,1,0,3,3,2,0,0,0,Biography
Can You Ever Forgive Me?,11/23/2018 19:30,2018 Q 4,28,10,2,0,2,7,7,6,0,0,Biography
Cape Fear,8/4/2016 22:00,2016 Q 3,19,0,0,1,2,3,2,1,0,0,Drama
Cape Fear,8/4/2016 22:00,2016 Q 3,19,0,0,1,2,3,2,1,0,0,Crime
Cape Fear,7/29/2016 22:00,2016 Q 3,11,0,0,0,1,5,2,5,0,0,Drama
Cape Fear,7/29/2016 22:00,2016 Q 3,11,0,0,0,1,5,2,5,0,0,Crime
Cape Fear,7/30/2016 22:00,2016 Q 3,20,0,0,1,5,3,4,4,0,0,Drama
Cape Fear,7/30/2016 22:00,2016 Q 3,20,0,0,1,5,3,4,4,0,0,Crime
Casablanca,2/14/2019 19:30,2019 Q 1,91,28,66,5,1,8,20,28,0,0,Drama
Casablanca,2/14/2017 20:00,2017 Q 1,220,0,0,0,6,30,34,39,0,0,Drama
Casablanca,2/14/2018 19:30,2018 Q 1,151,0,0,3,5,18,24,23,0,0,Drama
Children of Men,12/10/2016 22:00,2016 Q 4,18,0,0,2,1,2,2,8,0,0,Action
Children of Men,12/15/2016 22:00,2016 Q 4,25,0,0,2,2,1,3,16,0,0,Action
Children of Men,12/9/2016 22:00,2016 Q 4,26,0,0,0,1,5,9,8,0,0,Action
Climax,7/11/2019 21:30,2019 Q 3,11,0,0,0,1,3,0,3,0,0,Drama
Climax,7/5/2019 21:30,2019 Q 3,12,0,0,0,0,1,2,4,0,0,Drama
Climax,7/6/2019 21:30,2019 Q 3,9,0,0,2,1,0,0,2,0,0,Drama
Close Encounters of the Third Kind,2/26/2018 19:30,2018 Q 1,36,7,4,5,3,7,9,8,0,0,Drama
Colossal,5/8/2017 16:30,2017 Q 2,5,4,1,0,0,3,3,1,0,0,Comedy
Colossal,5/9/2017 16:30,2017 Q 2,4,4,2,0,0,1,1,0,0,0,Comedy
Colossal,5/11/2017 19:30,2017 Q 2,30,3,11,0,2,8,9,16,0,0,Comedy
Colossal,5/6/2017 19:30,2017 Q 2,44,9,12,2,4,12,20,14,0,0,Comedy
Colossal,5/10/2017 16:30,2017 Q 2,13,3,3,0,2,4,4,3,0,0,Comedy
Colossal,5/5/2017 19:30,2017 Q 2,28,9,3,0,4,8,8,12,0,0,Comedy
Colossal,5/7/2017 15:30,2017 Q 2,25,4,3,0,1,5,6,4,0,0,Comedy
Colossal,5/24/2017 22:00,2017 Q 2,25,0,6,0,4,7,12,9,0,0,Comedy
Darkest Hour,1/1/2018 17:00,2018 Q 1,1,3,0,0,0,1,0,0,0,0,Biography
Darkest Hour,1/4/2018 19:30,2018 Q 1,13,2,1,3,0,3,6,4,0,0,Biography
Darkest Hour,12/27/2017 17:00,2017 Q 4,9,11,1,0,0,2,1,3,0,0,Biography
Darkest Hour,12/25/2017 17:00,2017 Q 4,20,17,5,2,1,6,4,4,0,0,Biography
Darkest Hour,12/22/2017 19:30,2017 Q 4,36,29,10,1,4,6,8,8,0,0,Biography
Darkest Hour,12/29/2017 17:00,2017 Q 4,8,6,1,0,0,3,6,0,0,0,Biography
Darkest Hour,1/1/2018 12:00,2018 Q 1,5,5,0,0,0,1,2,0,0,0,Biography
Darkest Hour,12/28/2017 19:30,2017 Q 4,19,13,4,0,0,2,1,9,0,0,Biography
Darkest Hour,12/31/2017 14:30,2017 Q 4,23,16,3,0,3,3,8,9,0,0,Biography
Darkest Hour,12/22/2017 17:00,2017 Q 4,11,20,0,0,0,5,5,4,0,0,Biography
Darkest Hour,12/25/2017 19:30,2017 Q 4,4,6,5,1,0,1,3,0,0,0,Biography
Darkest Hour,12/26/2017 17:00,2017 Q 4,24,21,2,0,2,4,9,10,0,0,Biography
Darkest Hour,12/26/2017 19:30,2017 Q 4,9,9,0,0,0,1,1,1,0,0,Biography
Darkest Hour,12/30/2017 17:00,2017 Q 4,27,13,2,0,1,16,11,8,0,0,Biography
Darkest Hour,12/25/2017 12:00,2017 Q 4,3,24,0,2,0,7,5,0,0,0,Biography
Darkest Hour,1/4/2018 17:00,2018 Q 1,6,10,0,0,0,3,6,5,0,0,Biography
Darkest Hour,12/23/2017 19:30,2017 Q 4,14,13,1,2,0,0,1,1,0,0,Biography
Darkest Hour,12/30/2017 19:30,2017 Q 4,27,18,7,0,3,6,6,9,0,0,Biography
Darkest Hour,12/30/2017 12:00,2017 Q 4,10,4,0,0,0,4,3,1,0,0,Biography
Darkest Hour,12/28/2017 17:00,2017 Q 4,20,18,0,0,0,4,1,8,0,0,Biography
Darkest Hour,1/1/2018 14:30,2018 Q 1,10,12,2,6,5,9,7,2,0,0,Biography
Darkest Hour,12/31/2017 17:00,2017 Q 4,25,18,4,1,0,5,8,2,0,0,Biography
Darkest Hour,12/24/2017 17:00,2017 Q 4,7,6,2,0,0,4,3,0,0,0,Biography
Darkest Hour,12/24/2017 14:30,2017 Q 4,13,5,0,0,0,4,1,3,0,0,Biography
Darkest Hour,12/23/2017 17:00,2017 Q 4,15,17,0,0,0,3,4,4,0,0,Biography
Darkest Hour,12/27/2017 19:30,2017 Q 4,10,2,2,0,0,0,2,1,0,0,Biography
Darkest Hour,12/29/2017 19:30,2017 Q 4,9,5,3,0,0,0,0,1,0,0,Biography
Darkest Hour,12/25/2017 14:30,2017 Q 4,18,33,1,0,1,4,15,5,0,0,Biography
Darkest Hour,12/23/2017 14:30,2017 Q 4,13,26,1,0,1,2,5,0,0,0,Biography
Darkest Hour,12/31/2017 12:00,2017 Q 4,5,2,1,0,0,2,2,0,0,0,Biography
Darkest Hour,12/30/2017 14:30,2017 Q 4,15,16,6,1,2,9,7,1,0,0,Biography
Dawn of the Dead,10/28/2016 22:00,2016 Q 4,23,0,0,0,3,3,5,15,0,0,Action
Dawn of the Dead,11/3/2016 22:00,2016 Q 4,9,0,0,0,0,0,2,3,0,0,Action
Destroyer,3/23/2019 21:30,2019 Q 1,13,0,0,0,0,0,2,5,0,0,Action
Destroyer,3/22/2019 21:30,2019 Q 1,5,0,0,0,2,2,2,1,0,0,Action
Destroyer,3/24/2019 14:00,2019 Q 1,10,0,0,12,0,7,7,1,0,0,Action
Dirty Dancing,3/9/2018 22:00,2018 Q 1,16,0,0,2,0,0,1,4,0,0,Drama
Disobedience,6/11/2018 19:30,2018 Q 2,15,2,5,4,2,2,5,6,0,0,Drama
Disobedience,6/12/2018 17:00,2018 Q 2,5,14,1,0,0,5,6,1,0,0,Drama
Disobedience,6/9/2018 19:30,2018 Q 2,25,20,5,1,1,3,9,4,0,0,Drama
Disobedience,6/10/2018 17:00,2018 Q 2,10,7,5,0,1,2,4,3,0,0,Drama
Disobedience,6/10/2018 12:00,2018 Q 2,8,2,0,0,0,1,1,0,0,0,Drama
Disobedience,6/8/2018 19:30,2018 Q 2,18,16,3,1,1,4,5,3,0,0,Drama
Do the Right Thing,8/16/2018 22:00,2018 Q 3,10,0,0,0,0,1,2,2,0,0,Comedy
Do the Right Thing,8/10/2018 22:00,2018 Q 3,23,0,0,0,0,2,0,2,0,0,Comedy
Do the Right Thing,8/11/2018 22:00,2018 Q 3,16,0,0,1,0,1,2,6,0,0,Comedy
Dog Day Afternoon,9/1/2016 22:00,2016 Q 3,17,0,0,0,1,3,4,4,0,0,Biography
Dog Day Afternoon,8/28/2016 11:30,2016 Q 3,6,0,4,3,0,6,4,0,0,0,Biography
Dog Day Afternoon,8/27/2016 22:00,2016 Q 3,10,0,0,2,1,2,1,7,0,0,Biography
Dog Day Afternoon,8/26/2016 22:00,2016 Q 3,21,0,0,1,0,4,1,0,0,0,Biography
Donnie Darko,4/7/2017 22:00,2017 Q 2,106,0,0,0,6,16,22,24,0,0,Drama
Donnie Darko,4/26/2017 22:00,2017 Q 2,55,0,0,3,4,11,12,11,0,0,Drama
Donnie Darko,4/8/2017 22:00,2017 Q 2,81,0,0,2,3,12,15,13,0,0,Drama
Donnie Darko,4/12/2017 22:00,2017 Q 2,70,0,0,0,10,13,9,7,0,0,Drama
Elle,1/14/2017 22:00,2017 Q 1,9,4,7,0,0,3,4,6,0,0,Crime
Elle,1/18/2017 22:00,2017 Q 1,5,4,8,0,4,2,1,2,0,0,Crime
Elle,1/13/2017 22:00,2017 Q 1,7,1,5,0,2,1,2,2,0,0,Crime
Elle,1/19/2017 22:00,2017 Q 1,6,3,10,0,0,4,4,2,0,0,Crime
Elle,1/15/2017 22:00,2017 Q 1,7,0,5,0,3,2,0,0,0,0,Crime
Elle,1/14/2017 11:30,2017 Q 1,4,3,2,0,1,1,2,1,0,0,Crime
Elle,1/15/2017 11:30,2017 Q 1,19,8,6,1,0,2,6,1,0,0,Crime
Ex Machina,2/19/2018 19:30,2018 Q 1,41,8,17,4,1,5,9,8,0,0,Drama
First Man,10/8/2018 20:00,2018 Q 4,0,0,0,2,7,15,22,5,0,0,Biography
First Reformed,6/28/2018 18:30,2018 Q 2,27,6,2,0,2,10,13,8,0,0,Drama
First Reformed,6/26/2018 17:00,2018 Q 2,14,9,1,1,1,5,3,0,0,0,Drama
First Reformed,6/15/2018 19:30,2018 Q 2,28,15,4,1,0,3,6,4,0,0,Drama
First Reformed,6/16/2018 17:00,2018 Q 2,24,18,0,4,2,11,9,8,0,0,Drama
First Reformed,6/27/2018 17:00,2018 Q 2,4,6,1,2,1,2,1,1,0,0,Drama
First Reformed,6/15/2018 17:00,2018 Q 2,9,11,2,1,1,5,5,0,0,0,Drama
First Reformed,6/17/2018 17:00,2018 Q 2,20,24,0,0,0,9,11,2,0,0,Drama
First Reformed,6/22/2018 19:30,2018 Q 2,16,19,5,0,2,1,5,4,0,0,Drama
First Reformed,6/28/2018 21:00,2018 Q 2,8,2,0,0,3,2,2,3,0,0,Drama
First Reformed,6/24/2018 17:00,2018 Q 2,17,13,0,0,0,4,8,1,0,0,Drama
First Reformed,6/16/2018 14:30,2018 Q 2,24,40,3,1,2,11,10,4,0,0,Drama
First Reformed,6/16/2018 19:30,2018 Q 2,36,30,4,1,5,10,14,12,0,0,Drama
First Reformed,6/21/2018 18:30,2018 Q 2,5,13,0,0,2,4,4,4,0,0,Drama
First Reformed,6/20/2018 19:30,2018 Q 2,19,7,6,0,1,1,6,6,0,0,Drama
First Reformed,6/27/2018 19:30,2018 Q 2,20,3,1,0,3,4,7,10,0,0,Drama
First Reformed,6/17/2018 19:30,2018 Q 2,14,10,2,1,1,2,2,4,0,0,Drama
First Reformed,6/19/2018 17:00,2018 Q 2,6,11,1,0,1,4,3,8,0,0,Drama
First Reformed,6/21/2018 16:00,2018 Q 2,3,7,2,0,0,2,2,2,0,0,Drama
First Reformed,6/20/2018 17:00,2018 Q 2,12,10,2,0,1,3,8,8,0,0,Drama
First Reformed,6/24/2018 14:30,2018 Q 2,14,26,0,0,2,3,5,1,0,0,Drama
First Reformed,6/23/2018 19:30,2018 Q 2,30,13,1,1,2,4,7,11,0,0,Drama
First Reformed,6/17/2018 14:30,2018 Q 2,36,55,4,0,2,18,21,5,0,0,Drama
First Reformed,6/22/2018 17:00,2018 Q 2,9,15,0,0,0,4,6,1,0,0,Drama
First Reformed,6/28/2018 16:00,2018 Q 2,5,7,0,0,0,1,2,1,0,0,Drama
First Reformed,6/24/2018 19:30,2018 Q 2,23,8,1,0,3,1,3,2,0,0,Drama
First Reformed,6/19/2018 19:30,2018 Q 2,31,9,7,0,1,0,5,6,0,0,Drama
First Reformed,6/23/2018 17:00,2018 Q 2,8,15,1,0,0,5,7,1,0,0,Drama
First Reformed,6/25/2018 17:00,2018 Q 2,9,8,1,0,2,4,5,1,0,0,Drama
First Reformed,6/23/2018 14:30,2018 Q 2,11,12,3,0,0,7,5,1,0,0,Drama
First Reformed,6/18/2018 17:00,2018 Q 2,11,15,0,2,1,6,4,2,0,0,Drama
Flashdance,3/10/2018 22:00,2018 Q 1,9,0,0,1,0,2,1,3,0,0,Drama
Gattaca,2/12/2018 19:30,2018 Q 1,70,17,17,6,10,11,16,12,0,0,Drama
Get Out,2/16/2018 22:00,2018 Q 1,42,0,0,4,3,5,6,5,0,0,Horror
Get Out,2/17/2018 22:00,2018 Q 1,42,0,0,1,0,2,4,4,0,0,Horror
Get Out,2/6/2017 19:30,2017 Q 1,0,0,0,246,12,27,47,52,0,0,Horror
Ghost Stories,8/3/2018 22:00,2018 Q 3,26,0,0,0,0,2,6,6,0,0,Drama
Ghost Stories,8/8/2018 22:00,2018 Q 3,13,0,0,2,1,0,3,7,0,0,Drama
Ghost Stories,8/4/2018 22:00,2018 Q 3,31,0,0,3,3,4,2,2,0,0,Drama
Grease,9/9/2017 19:00,2017 Q 3,32,0,0,7,1,8,8,1,0,0,Comedy
Grease,9/9/2017 14:00,2017 Q 3,18,0,0,1,0,4,6,0,0,0,Comedy
Gremlins,12/13/2017 22:00,2017 Q 4,15,0,0,4,0,1,2,9,0,0,Comedy
Gremlins,12/12/2017 19:00,2017 Q 4,24,0,0,0,2,3,4,8,0,0,Comedy
Groundhog Day,2/9/2019 21:30,2019 Q 1,17,0,0,0,1,2,3,4,0,0,Comedy
Groundhog Day,2/8/2019 21:30,2019 Q 1,9,0,0,0,0,0,3,5,0,0,Comedy
Happy Death Day,10/11/2017 20:00,2017 Q 4,0,0,0,246,22,15,28,18,0,0,Comedy
Harvey,8/14/2017 19:00,2017 Q 3,69,0,8,0,2,8,10,16,0,0,Comedy
Henry: Portrait of a Serial Killer,10/19/2017 22:00,2017 Q 4,40,0,0,3,4,5,7,11,0,0,Biography
Hereditary,12/5/2018 21:30,2018 Q 4,9,0,0,0,1,0,0,2,0,0,Drama
Hereditary,12/6/2018 21:30,2018 Q 4,16,0,0,0,1,3,0,3,0,0,Drama
Hereditary,12/1/2018 22:00,2018 Q 4,13,0,0,1,0,1,2,4,0,0,Drama
Hereditary,11/30/2018 22:00,2018 Q 4,41,0,0,3,7,7,9,13,0,0,Drama
Hunt for the Wilderpeople,7/16/2016 19:30,2016 Q 3,42,25,12,1,4,21,14,6,0,0,Adventure
Hunt for the Wilderpeople,7/17/2016 19:30,2016 Q 3,12,10,6,2,4,7,6,2,0,0,Adventure
Hunt for the Wilderpeople,7/17/2016 14:30,2016 Q 3,15,8,3,0,0,3,4,2,0,0,Adventure
Hunt for the Wilderpeople,7/24/2016 14:30,2016 Q 3,29,10,4,0,1,16,12,0,0,0,Adventure
Hunt for the Wilderpeople,7/24/2016 17:00,2016 Q 3,9,9,3,2,1,7,6,4,0,0,Adventure
Hunt for the Wilderpeople,7/16/2016 17:00,2016 Q 3,12,3,4,0,1,6,4,4,0,0,Adventure
Hunt for the Wilderpeople,7/25/2016 17:00,2016 Q 3,9,8,3,2,0,4,5,3,0,0,Adventure
Hunt for the Wilderpeople,7/17/2016 17:00,2016 Q 3,18,10,2,0,2,8,5,5,0,0,Adventure
Hunt for the Wilderpeople,7/16/2016 14:30,2016 Q 3,13,10,3,8,5,6,6,2,0,0,Adventure
Hunt for the Wilderpeople,7/21/2016 19:30,2016 Q 3,17,2,2,1,2,2,4,3,0,0,Adventure
Hunt for the Wilderpeople,7/28/2016 17:00,2016 Q 3,11,8,4,0,0,4,5,2,0,0,Adventure
Hunt for the Wilderpeople,7/19/2016 19:30,2016 Q 3,18,0,4,0,0,3,6,2,0,0,Adventure
Hunt for the Wilderpeople,7/21/2016 17:00,2016 Q 3,5,2,2,0,1,1,0,0,0,0,Adventure
Hunt for the Wilderpeople,7/27/2016 17:00,2016 Q 3,19,10,10,0,1,5,7,1,0,0,Adventure
Hunt for the Wilderpeople,7/23/2016 17:00,2016 Q 3,22,9,8,5,0,7,13,11,0,0,Adventure
Hunt for the Wilderpeople,7/15/2016 17:00,2016 Q 3,6,7,5,1,3,5,3,0,0,0,Adventure
Hunt for the Wilderpeople,7/22/2016 17:00,2016 Q 3,16,7,3,0,0,3,2,5,0,0,Adventure
Hunt for the Wilderpeople,7/18/2016 17:00,2016 Q 3,5,11,5,0,0,4,6,1,0,0,Adventure
Hunt for the Wilderpeople,7/23/2016 14:30,2016 Q 3,37,16,7,7,3,14,13,5,0,0,Adventure
Hunt for the Wilderpeople,7/19/2016 17:00,2016 Q 3,4,3,0,0,0,2,1,0,0,0,Adventure
Hunt for the Wilderpeople,7/20/2016 17:00,2016 Q 3,11,2,2,2,1,2,1,1,0,0,Adventure
Hunt for the Wilderpeople,7/24/2016 12:00,2016 Q 3,4,2,0,0,0,1,0,0,0,0,Adventure
Hunt for the Wilderpeople,7/18/2016 19:30,2016 Q 3,12,2,1,0,3,5,4,0,0,0,Adventure
Hunt for the Wilderpeople,7/20/2016 19:30,2016 Q 3,19,3,1,1,2,6,5,9,0,0,Adventure
Hunt for the Wilderpeople,7/26/2016 17:00,2016 Q 3,3,3,0,0,1,1,0,0,0,0,Adventure
Hunt for the Wilderpeople,7/15/2016 19:30,2016 Q 3,44,4,9,0,2,9,8,14,0,0,Adventure
"I, Daniel Blake",6/24/2017 17:00,2017 Q 2,4,15,0,0,0,5,4,0,0,0,Drama
"I, Daniel Blake",6/28/2017 16:30,2017 Q 2,10,9,0,0,2,5,2,1,0,0,Drama
"I, Daniel Blake",6/27/2017 16:30,2017 Q 2,2,2,0,0,0,0,1,0,0,0,Drama
"I, Daniel Blake",6/23/2017 19:00,2017 Q 2,9,11,2,0,0,2,5,2,0,0,Drama
"I, Daniel Blake",6/29/2017 19:30,2017 Q 2,12,8,2,0,1,1,6,3,0,0,Drama
"I, Daniel Blake",6/26/2017 16:30,2017 Q 2,5,4,2,0,0,1,0,1,0,0,Drama
"I, Daniel Blake",6/24/2017 19:30,2017 Q 2,10,21,9,0,1,3,9,3,0,0,Drama
"I, Tonya",3/23/2018 22:00,2018 Q 1,42,0,0,1,1,1,4,9,0,0,Biography
"I, Tonya",3/25/2018 14:30,2018 Q 1,22,0,7,23,1,6,14,3,0,0,Biography
"I, Tonya",3/24/2018 14:30,2018 Q 1,27,0,3,11,1,5,7,2,0,0,Biography
"I, Tonya",3/24/2018 22:00,2018 Q 1,22,0,0,0,0,2,1,4,0,0,Biography
If Beale Street Could Talk,1/17/2019 16:30,2019 Q 1,0,3,0,0,0,0,1,2,0,0,Drama
If Beale Street Could Talk,1/24/2019 14:30,2019 Q 1,3,3,1,0,0,3,5,1,0,0,Drama
If Beale Street Could Talk,2/9/2019 14:00,2019 Q 1,18,6,6,2,0,3,5,3,0,0,Drama
If Beale Street Could Talk,1/14/2019 19:30,2019 Q 1,8,1,15,2,1,3,6,7,0,0,Drama
If Beale Street Could Talk,1/21/2019 16:30,2019 Q 1,11,13,3,0,0,3,8,4,0,0,Drama
If Beale Street Could Talk,2/2/2019 14:00,2019 Q 1,24,22,10,4,4,12,16,6,0,0,Drama
If Beale Street Could Talk,1/18/2019 16:30,2019 Q 1,12,7,2,4,1,3,6,5,0,0,Drama
If Beale Street Could Talk,1/18/2019 19:00,2019 Q 1,15,17,7,2,4,3,4,3,0,0,Drama
If Beale Street Could Talk,2/10/2019 14:30,2019 Q 1,16,5,2,2,0,7,7,3,0,0,Drama
If Beale Street Could Talk,1/13/2019 17:00,2019 Q 1,19,5,3,1,0,4,14,5,0,0,Drama
If Beale Street Could Talk,1/19/2019 19:00,2019 Q 1,17,8,6,0,2,2,4,7,0,0,Drama
If Beale Street Could Talk,1/14/2019 17:00,2019 Q 1,2,1,5,0,0,1,1,1,0,0,Drama
If Beale Street Could Talk,1/19/2019 14:00,2019 Q 1,7,5,2,0,0,1,2,1,0,0,Drama
If Beale Street Could Talk,1/20/2019 19:30,2019 Q 1,6,2,11,0,0,2,2,3,0,0,Drama
If Beale Street Could Talk,1/15/2019 17:00,2019 Q 1,16,11,6,0,6,6,4,5,0,0,Drama
If Beale Street Could Talk,1/11/2019 16:30,2019 Q 1,14,9,7,7,0,5,7,3,0,0,Drama
If Beale Street Could Talk,1/16/2019 16:30,2019 Q 1,7,7,2,0,1,2,6,5,0,0,Drama
If Beale Street Could Talk,1/17/2019 19:00,2019 Q 1,11,5,6,0,0,0,2,1,0,0,Drama
If Beale Street Could Talk,1/12/2019 14:00,2019 Q 1,27,5,0,1,1,10,7,3,0,0,Drama
If Beale Street Could Talk,1/27/2019 17:00,2019 Q 1,25,18,1,0,1,3,9,3,0,0,Drama
If Beale Street Could Talk,1/23/2019 19:00,2019 Q 1,10,6,7,2,1,2,3,5,0,0,Drama
If Beale Street Could Talk,1/12/2019 19:00,2019 Q 1,15,7,1,0,2,0,2,3,0,0,Drama
If Beale Street Could Talk,1/13/2019 14:30,2019 Q 1,37,15,12,2,6,12,18,4,0,0,Drama
If Beale Street Could Talk,1/20/2019 14:30,2019 Q 1,8,6,2,0,1,2,4,3,0,0,Drama
If Beale Street Could Talk,1/13/2019 19:30,2019 Q 1,10,0,0,0,0,0,1,1,0,0,Drama
If Beale Street Could Talk,1/26/2019 13:30,2019 Q 1,17,8,4,1,8,8,4,2,0,0,Drama
If Beale Street Could Talk,1/23/2019 16:30,2019 Q 1,4,8,1,0,0,1,1,0,0,0,Drama
If Beale Street Could Talk,1/11/2019 19:00,2019 Q 1,33,9,7,3,5,5,7,8,0,0,Drama
If Beale Street Could Talk,1/20/2019 17:00,2019 Q 1,8,4,0,0,1,2,4,0,0,0,Drama
If Beale Street Could Talk,1/12/2019 16:30,2019 Q 1,14,11,3,0,0,1,2,6,0,0,Drama
If Beale Street Could Talk,1/24/2019 17:00,2019 Q 1,4,0,5,3,0,2,3,2,0,0,Drama
If Beale Street Could Talk,1/22/2019 17:00,2019 Q 1,3,6,0,0,0,1,2,3,0,0,Drama
If Beale Street Could Talk,1/19/2019 16:30,2019 Q 1,17,1,4,0,0,1,4,3,0,0,Drama
Indiana Jones and the Last Crusade,6/17/2017 22:00,2017 Q 2,27,0,0,0,2,1,4,3,0,0,Action
Indiana Jones and the Last Crusade,6/16/2017 22:00,2017 Q 2,54,0,0,1,3,4,10,14,0,0,Action
Indiana Jones and the Last Crusade,2/2/2018 22:00,2018 Q 1,40,0,0,1,3,13,8,7,0,0,Action
Indiana Jones and the Last Crusade,6/17/2017 11:30,2017 Q 2,13,0,1,3,1,5,7,0,0,0,Action
Indiana Jones and the Last Crusade,6/18/2017 11:30,2017 Q 2,17,0,1,3,0,5,3,3,0,0,Action
Isle of Dogs,4/18/2018 17:00,2018 Q 2,4,0,4,0,0,1,1,1,0,0,Animation
Isle of Dogs,4/13/2018 17:00,2018 Q 2,28,18,16,1,6,2,8,18,0,0,Animation
Isle of Dogs,4/30/2018 19:30,2018 Q 2,8,3,4,0,2,0,1,6,0,0,Animation
Isle of Dogs,4/25/2018 19:30,2018 Q 2,19,7,14,0,2,3,8,18,0,0,Animation
Isle of Dogs,4/26/2018 19:30,2018 Q 2,17,1,12,0,1,3,4,2,0,0,Animation
Isle of Dogs,4/16/2018 19:30,2018 Q 2,62,13,19,4,5,12,22,16,0,0,Animation
Isle of Dogs,4/29/2018 19:30,2018 Q 2,15,1,6,2,1,4,1,2,0,0,Animation
Isle of Dogs,4/13/2018 19:30,2018 Q 2,118,7,87,15,12,24,34,34,0,0,Animation
Isle of Dogs,4/28/2018 14:30,2018 Q 2,6,1,0,4,0,2,1,1,0,0,Animation
Isle of Dogs,5/2/2018 19:30,2018 Q 2,11,2,2,0,2,0,1,2,0,0,Animation
Isle of Dogs,4/28/2018 17:00,2018 Q 2,17,7,2,2,0,4,8,7,0,0,Animation
Isle of Dogs,4/27/2018 19:30,2018 Q 2,30,1,10,0,0,4,8,8,0,0,Animation
Isle of Dogs,4/16/2018 17:00,2018 Q 2,5,3,0,2,1,0,1,5,0,0,Animation
Isle of Dogs,4/17/2018 17:00,2018 Q 2,4,0,4,0,0,2,4,1,0,0,Animation
Isle of Dogs,4/15/2018 17:00,2018 Q 2,58,3,15,1,4,12,13,11,0,0,Animation
Isle of Dogs,4/26/2018 17:00,2018 Q 2,6,2,0,0,0,2,2,0,0,0,Animation
Isle of Dogs,4/29/2018 14:30,2018 Q 2,12,3,3,0,2,1,3,5,0,0,Animation
Isle of Dogs,4/28/2018 19:30,2018 Q 2,35,7,11,1,2,3,10,6,0,0,Animation
Isle of Dogs,4/20/2018 17:00,2018 Q 2,18,15,1,0,2,5,5,6,0,0,Animation
Isle of Dogs,4/15/2018 19:30,2018 Q 2,51,2,23,0,6,9,8,6,0,0,Animation
Isle of Dogs,4/15/2018 14:30,2018 Q 2,42,17,21,9,7,12,18,10,0,0,Animation
Isle of Dogs,4/29/2018 17:00,2018 Q 2,2,3,0,0,1,1,2,0,0,0,Animation
Isle of Dogs,4/17/2018 19:30,2018 Q 2,12,7,20,0,4,1,6,14,0,0,Animation
Isle of Dogs,4/20/2018 19:30,2018 Q 2,19,3,18,2,5,8,16,20,0,0,Animation
Isle of Dogs,4/14/2018 14:30,2018 Q 2,28,7,8,9,5,11,12,6,0,0,Animation
Isle of Dogs,4/24/2018 19:30,2018 Q 2,28,8,27,0,3,6,12,6,0,0,Animation
Isle of Dogs,4/21/2018 17:00,2018 Q 2,44,10,9,4,1,5,19,16,0,0,Animation
Isle of Dogs,5/3/2018 19:30,2018 Q 2,27,4,9,3,2,9,8,2,0,0,Animation
Isle of Dogs,4/25/2018 17:00,2018 Q 2,13,8,4,2,0,0,3,3,0,0,Animation
Isle of Dogs,4/14/2018 17:00,2018 Q 2,50,13,15,4,6,6,12,19,0,0,Animation
Isle of Dogs,4/19/2018 19:30,2018 Q 2,26,0,15,5,4,4,11,9,0,0,Animation
Isle of Dogs,4/14/2018 19:30,2018 Q 2,92,21,55,1,10,11,25,28,0,0,Animation
Isle of Dogs,4/19/2018 17:00,2018 Q 2,19,7,2,0,1,3,3,2,0,0,Animation
Isle of Dogs,4/18/2018 19:30,2018 Q 2,23,2,9,0,0,2,3,11,0,0,Animation
Isle of Dogs,4/22/2018 17:00,2018 Q 2,29,3,11,7,4,13,13,5,0,0,Animation
Isle of Dogs,4/23/2018 17:00,2018 Q 2,6,6,7,2,0,1,5,2,0,0,Animation
Isle of Dogs,4/22/2018 19:30,2018 Q 2,25,0,16,4,3,5,7,6,0,0,Animation
Isle of Dogs,4/21/2018 19:30,2018 Q 2,68,1,43,2,5,12,18,19,0,0,Animation
Isle of Dogs,4/22/2018 14:30,2018 Q 2,24,11,9,0,1,5,4,2,0,0,Animation
Jackie,2/2/2017 19:30,2017 Q 1,8,12,7,0,1,3,2,0,0,0,Biography
Jackie,1/21/2017 19:30,2017 Q 1,62,47,31,0,4,23,26,22,0,0,Biography
Jackie,2/3/2017 19:30,2017 Q 1,31,13,2,2,1,4,11,6,0,0,Biography
Jackie,1/28/2017 19:30,2017 Q 1,38,27,9,0,4,10,12,5,0,0,Biography
Jackie,1/21/2017 22:00,2017 Q 1,10,2,4,0,0,8,4,0,0,0,Biography
Jackie,1/24/2017 19:30,2017 Q 1,11,17,4,3,0,7,9,3,0,0,Biography
Jackie,1/20/2017 17:00,2017 Q 1,16,30,5,0,3,16,19,3,0,0,Biography
Jackie,1/25/2017 16:00,2017 Q 1,13,10,2,0,1,5,6,3,0,0,Biography
Jackie,2/4/2017 14:30,2017 Q 1,16,16,2,0,1,8,5,1,0,0,Biography
Jackie,2/5/2017 14:30,2017 Q 1,14,10,2,2,1,3,8,0,0,0,Biography
Jackie,1/21/2017 14:30,2017 Q 1,35,28,9,0,4,14,5,4,0,0,Biography
Jackie,1/21/2017 17:00,2017 Q 1,31,54,1,0,0,9,16,9,0,0,Biography
Jackie,2/6/2017 17:00,2017 Q 1,5,6,2,0,0,4,1,3,0,0,Biography
Jackie,1/21/2017 12:00,2017 Q 1,10,9,0,0,1,4,5,0,0,0,Biography
Jackie,2/3/2017 17:00,2017 Q 1,9,23,2,0,1,5,5,3,0,0,Biography
Jackie,1/20/2017 19:30,2017 Q 1,58,27,19,0,8,18,14,22,0,0,Biography
Jackie,2/1/2017 19:30,2017 Q 1,25,1,4,0,1,3,6,8,0,0,Biography
Jackie,2/2/2017 17:00,2017 Q 1,3,5,0,0,0,1,0,3,0,0,Biography
Jackie,1/25/2017 13:30,2017 Q 1,5,24,1,0,0,8,9,0,0,0,Biography
Jackie,2/5/2017 17:00,2017 Q 1,1,3,7,0,0,1,2,0,0,0,Biography
Jackie,2/5/2017 19:30,2017 Q 1,4,1,2,0,1,3,5,2,0,0,Biography
Jackie,1/29/2017 14:30,2017 Q 1,41,29,2,0,0,16,8,6,0,0,Biography
Jackie,2/1/2017 14:30,2017 Q 1,4,7,0,0,1,0,1,0,0,0,Biography
Jackie,1/23/2017 19:30,2017 Q 1,11,8,4,0,1,2,3,2,0,0,Biography
Jackie,2/1/2017 17:00,2017 Q 1,8,6,2,0,0,3,4,3,0,0,Biography
Jackie,2/4/2017 19:30,2017 Q 1,27,8,2,0,1,6,5,7,0,0,Biography
Jackie,1/29/2017 19:30,2017 Q 1,14,5,3,0,1,4,8,3,0,0,Biography
Jackie,1/25/2017 18:30,2017 Q 1,20,12,5,0,1,8,3,2,0,0,Biography
Jackie,1/24/2017 17:00,2017 Q 1,7,22,3,0,0,6,4,1,0,0,Biography
Jackie,1/26/2017 19:30,2017 Q 1,31,5,7,1,0,4,6,15,0,0,Biography
Jackie,1/28/2017 17:00,2017 Q 1,25,20,1,2,0,5,12,14,0,0,Biography
Jackie,1/22/2017 14:30,2017 Q 1,34,61,5,0,7,20,15,1,0,0,Biography
Jackie,1/28/2017 14:30,2017 Q 1,25,32,4,0,0,13,15,3,0,0,Biography
Jackie,1/20/2017 22:00,2017 Q 1,3,0,10,0,0,0,0,1,0,0,Biography
Jackie,1/26/2017 14:30,2017 Q 1,5,24,0,0,0,10,5,0,0,0,Biography
Jackie,2/4/2017 17:00,2017 Q 1,11,7,3,1,1,5,4,1,0,0,Biography
Jackie,1/23/2017 17:00,2017 Q 1,7,17,1,3,0,1,3,4,0,0,Biography
Jackie,1/28/2017 12:00,2017 Q 1,15,21,1,0,3,10,10,1,0,0,Biography
Jackie,1/22/2017 19:30,2017 Q 1,12,8,5,0,2,5,3,1,0,0,Biography
Jackie,1/22/2017 17:00,2017 Q 1,19,16,6,0,3,8,9,2,0,0,Biography
Jackie,2/8/2017 19:30,2017 Q 1,14,1,1,0,0,3,3,1,0,0,Biography
Jackie,1/22/2017 12:00,2017 Q 1,27,12,4,0,3,17,15,1,0,0,Biography
Jackie,1/27/2017 19:30,2017 Q 1,46,27,11,0,7,11,18,12,0,0,Biography
Jackie,1/31/2017 16:30,2017 Q 1,8,4,0,0,0,5,4,1,0,0,Biography
Jackie,2/7/2017 16:30,2017 Q 1,4,1,0,0,0,2,2,0,0,0,Biography
Jackie,1/29/2017 17:00,2017 Q 1,29,15,3,0,6,8,5,8,0,0,Biography
Jackie,1/26/2017 22:00,2017 Q 1,8,0,0,0,1,1,3,2,0,0,Biography
Jackie,1/27/2017 17:00,2017 Q 1,13,20,3,0,2,3,7,4,0,0,Biography
Jackie,1/30/2017 19:30,2017 Q 1,9,5,0,0,0,1,3,0,0,0,Biography
Jackie,1/26/2017 17:00,2017 Q 1,11,14,2,3,2,6,3,3,0,0,Biography
Jurassic Park,7/8/2017 22:00,2017 Q 3,15,0,0,0,2,3,4,6,0,0,Action
Jurassic Park,7/13/2017 22:00,2017 Q 3,22,0,0,0,1,5,8,5,0,0,Action
Jurassic Park,7/12/2017 22:00,2017 Q 3,15,0,0,0,0,2,1,2,0,0,Action
Jurassic Park,7/7/2017 22:00,2017 Q 3,14,0,0,0,0,1,1,3,0,0,Action
Lady Bird,12/16/2017 19:30,2017 Q 4,29,6,18,1,2,6,6,9,0,0,Comedy
Lady Bird,12/21/2017 19:30,2017 Q 4,38,12,17,0,5,6,11,13,0,0,Comedy
Lady Bird,12/21/2017 17:00,2017 Q 4,21,14,4,0,1,0,6,9,0,0,Comedy
Lady Bird,12/15/2017 22:00,2017 Q 4,8,0,15,0,6,1,3,5,0,0,Comedy
Lady Bird,12/16/2017 22:00,2017 Q 4,5,1,7,2,0,3,5,0,0,0,Comedy
Lady Bird,12/15/2017 17:00,2017 Q 4,4,12,4,0,0,1,2,0,0,0,Comedy
Lady Bird,12/21/2017 22:00,2017 Q 4,10,0,9,1,0,3,6,4,0,0,Comedy
Lady Bird,12/19/2017 19:30,2017 Q 4,18,8,15,2,2,2,7,13,0,0,Comedy
Lady Bird,12/15/2017 19:30,2017 Q 4,37,8,26,0,6,12,15,10,0,0,Comedy
Lady Bird,12/17/2017 17:00,2017 Q 4,11,5,8,0,0,6,6,4,0,0,Comedy
Lady Bird,12/20/2017 17:00,2017 Q 4,24,15,4,1,0,4,9,5,0,0,Comedy
Lady Bird,12/17/2017 14:30,2017 Q 4,19,10,10,2,1,4,7,6,0,0,Comedy
Lady Bird,12/18/2017 17:00,2017 Q 4,14,2,10,1,2,4,7,4,0,0,Comedy
Lady Bird,12/16/2017 14:30,2017 Q 4,14,10,8,0,1,8,6,2,0,0,Comedy
Lady Bird,12/20/2017 19:30,2017 Q 4,28,9,9,2,4,4,6,7,0,0,Comedy
Lady Bird,12/19/2017 17:00,2017 Q 4,6,8,10,0,2,5,8,5,0,0,Comedy
Lady Bird,12/16/2017 17:00,2017 Q 4,17,11,6,0,3,4,4,4,0,0,Comedy
Late Night,6/30/2019 12:00,2019 Q 2,2,10,2,0,1,1,3,2,0,0,Comedy
Late Night,6/29/2019 19:00,2019 Q 2,16,18,1,5,1,7,5,11,0,0,Comedy
Late Night,7/3/2019 17:00,2019 Q 3,13,4,1,1,1,2,4,1,0,0,Comedy
Late Night,6/30/2019 14:30,2019 Q 2,5,9,1,0,0,1,6,1,0,0,Comedy
Late Night,7/4/2019 19:30,2019 Q 3,6,3,0,6,0,0,2,3,0,0,Comedy
Late Night,7/1/2019 17:00,2019 Q 3,4,6,0,0,0,1,1,6,0,0,Comedy
Late Night,7/2/2019 19:30,2019 Q 3,9,12,2,0,1,2,3,0,0,0,Comedy
Late Night,6/28/2019 19:00,2019 Q 2,14,12,3,1,1,4,8,7,0,0,Comedy
Lion,1/6/2017 16:30,2017 Q 1,13,12,1,0,0,2,7,7,0,0,Biography
Lion,1/15/2017 19:30,2017 Q 1,17,0,3,0,1,3,5,1,0,0,Biography
Lion,1/12/2017 14:00,2017 Q 1,2,0,0,0,0,1,1,0,0,0,Biography
Lion,1/12/2017 16:30,2017 Q 1,4,14,1,0,1,1,2,0,0,0,Biography
Lion,1/17/2017 17:00,2017 Q 1,3,5,2,0,0,2,4,0,0,0,Biography
Lion,1/11/2017 14:00,2017 Q 1,4,9,1,0,0,2,3,3,0,0,Biography
Lion,1/7/2017 16:30,2017 Q 1,19,18,3,5,0,6,7,3,0,0,Biography
Lion,1/14/2017 19:30,2017 Q 1,22,11,8,2,1,10,5,8,0,0,Biography
Lion,1/13/2017 19:30,2017 Q 1,34,12,5,0,4,4,8,9,0,0,Biography
Lion,1/14/2017 14:30,2017 Q 1,8,7,3,1,3,2,1,1,0,0,Biography
Lion,1/16/2017 16:30,2017 Q 1,10,6,0,1,3,4,5,1,0,0,Biography
Lion,1/13/2017 17:00,2017 Q 1,7,13,1,0,2,0,3,4,0,0,Biography
Lion,1/19/2017 19:30,2017 Q 1,10,12,7,3,0,5,7,2,0,0,Biography
Lion,1/10/2017 16:30,2017 Q 1,1,6,0,2,0,1,1,0,0,0,Biography
Lion,1/11/2017 16:30,2017 Q 1,1,5,0,1,0,2,4,1,0,0,Biography
Lion,1/7/2017 14:00,2017 Q 1,10,18,2,1,0,3,3,3,0,0,Biography
Lion,1/18/2017 17:00,2017 Q 1,11,10,0,2,0,2,8,10,0,0,Biography
Lion,1/15/2017 14:30,2017 Q 1,11,13,0,0,2,7,7,3,0,0,Biography
Lion,1/8/2017 12:00,2017 Q 1,5,8,0,1,0,2,4,0,0,0,Biography
Lion,1/19/2017 17:00,2017 Q 1,3,8,0,0,0,3,4,0,0,0,Biography
Lion,1/14/2017 17:00,2017 Q 1,11,6,4,0,2,1,2,3,0,0,Biography
Lion,1/8/2017 17:30,2017 Q 1,4,11,4,0,1,3,4,0,0,0,Biography
Lion,1/15/2017 17:00,2017 Q 1,21,10,1,3,2,11,9,1,0,0,Biography
Lion,1/9/2017 16:30,2017 Q 1,2,12,0,0,0,1,2,2,0,0,Biography
Lion,1/18/2017 19:30,2017 Q 1,6,7,6,0,2,2,6,0,0,0,Biography
Logan,6/29/2017 22:00,2017 Q 2,19,0,0,0,1,7,5,4,0,0,Action
Logan,6/23/2017 22:00,2017 Q 2,35,0,0,0,1,7,5,3,0,0,Action
Logan,6/24/2017 22:00,2017 Q 2,17,0,0,0,1,3,4,4,0,0,Action
Logan,6/28/2017 22:00,2017 Q 2,41,0,0,0,2,14,3,6,0,0,Action
Loving,12/13/2016 16:30,2016 Q 4,2,8,0,0,0,1,3,0,0,0,Biography
Loving,12/15/2016 16:30,2016 Q 4,3,4,0,0,0,2,3,0,0,0,Biography
Loving,11/29/2016 18:30,2016 Q 4,50,44,6,4,4,11,9,15,0,0,Biography
Loving,12/2/2016 16:30,2016 Q 4,10,10,1,0,0,3,5,3,0,0,Biography
Loving,12/1/2016 14:00,2016 Q 4,2,14,0,0,0,3,6,1,0,0,Biography
Loving,11/24/2016 14:00,2016 Q 4,19,6,1,1,1,8,4,0,0,0,Biography
Loving,12/14/2016 16:30,2016 Q 4,5,9,3,0,0,1,6,4,0,0,Biography
Loving,12/10/2016 16:30,2016 Q 4,8,6,2,0,0,4,4,3,0,0,Biography
Loving,12/9/2016 16:30,2016 Q 4,2,7,1,0,0,3,4,2,0,0,Biography
Loving,11/23/2016 20:00,2016 Q 4,11,2,5,0,0,3,4,7,0,0,Biography
Loving,11/23/2016 14:00,2016 Q 4,22,9,5,0,0,15,10,1,0,0,Biography
Loving,11/28/2016 19:00,2016 Q 4,10,13,2,0,0,3,4,3,0,0,Biography
Loving,11/24/2016 17:00,2016 Q 4,13,8,6,0,2,13,7,1,0,0,Biography
Loving,11/25/2016 16:30,2016 Q 4,44,39,11,0,0,26,19,9,0,0,Biography
Loving,12/8/2016 16:30,2016 Q 4,2,4,6,0,3,3,3,1,0,0,Biography
Loving,11/26/2016 16:30,2016 Q 4,16,25,4,0,4,7,5,1,0,0,Biography
Loving,12/7/2016 16:30,2016 Q 4,3,3,8,0,0,3,0,1,0,0,Biography
Loving,12/11/2016 16:30,2016 Q 4,7,10,0,0,0,3,3,2,0,0,Biography
Loving,11/24/2016 20:00,2016 Q 4,6,0,3,0,2,3,3,0,0,0,Biography
Loving,12/3/2016 16:30,2016 Q 4,36,25,12,0,3,9,18,3,0,0,Biography
Loving,11/27/2016 16:30,2016 Q 4,21,26,4,2,4,9,14,9,0,0,Biography
Loving,11/23/2016 17:00,2016 Q 4,28,8,10,1,2,11,13,4,0,0,Biography
Loving,11/30/2016 16:30,2016 Q 4,9,12,2,0,0,2,6,7,0,0,Biography
Loving,12/4/2016 16:30,2016 Q 4,8,11,1,0,0,2,3,0,0,0,Biography
Loving,12/12/2016 16:00,2016 Q 4,3,0,0,0,1,0,0,0,0,0,Biography
Loving Vincent,11/3/2017 17:00,2017 Q 4,12,10,0,0,0,4,6,3,0,0,Animation
Loving Vincent,11/23/2017 14:30,2017 Q 4,12,8,2,0,0,4,5,2,0,0,Animation
Loving Vincent,11/1/2017 17:00,2017 Q 4,13,12,2,1,0,3,6,3,0,0,Animation
Loving Vincent,11/4/2017 17:00,2017 Q 4,24,27,14,2,1,5,7,8,0,0,Animation
Loving Vincent,10/27/2017 17:30,2017 Q 4,15,13,12,0,2,3,7,5,0,0,Animation
Loving Vincent,11/5/2017 17:00,2017 Q 4,23,26,8,5,2,9,12,3,0,0,Animation
Loving Vincent,11/15/2017 22:00,2017 Q 4,17,6,30,1,1,4,8,6,0,0,Animation
Loving Vincent,11/21/2017 17:00,2017 Q 4,18,5,4,2,1,4,6,6,0,0,Animation
Loving Vincent,11/18/2017 14:30,2017 Q 4,16,19,3,2,1,11,8,4,0,0,Animation
Loving Vincent,10/31/2017 17:00,2017 Q 4,10,11,5,0,0,3,3,2,0,0,Animation
Loving Vincent,11/2/2017 17:00,2017 Q 4,17,16,16,0,2,6,21,3,0,0,Animation
Loving Vincent,10/30/2017 17:00,2017 Q 4,10,16,4,0,0,6,5,3,0,0,Animation
Loving Vincent,11/9/2017 17:00,2017 Q 4,15,14,5,0,0,5,7,4,0,0,Animation
Loving Vincent,11/19/2017 12:30,2017 Q 4,6,7,1,1,1,5,4,2,0,0,Animation
Loving Vincent,11/20/2017 17:00,2017 Q 4,12,7,6,0,1,6,4,1,0,0,Animation
Loving Vincent,10/29/2017 13:00,2017 Q 4,26,10,5,2,3,4,5,6,0,0,Animation
Loving Vincent,10/28/2017 13:00,2017 Q 4,9,5,7,2,3,2,2,3,0,0,Animation
Loving Vincent,10/28/2017 17:30,2017 Q 4,22,11,5,0,1,9,9,1,0,0,Animation
Loving Vincent,10/29/2017 15:30,2017 Q 4,51,19,21,2,4,23,18,3,0,0,Animation
Mad Max: Fury Road,12/21/2016 22:00,2016 Q 4,15,0,0,0,0,7,9,2,0,0,Action
Mad Max: Fury Road,12/22/2016 22:00,2016 Q 4,15,0,0,0,0,1,3,5,0,0,Action
Mad Max: Fury Road,12/16/2016 22:00,2016 Q 4,51,0,0,0,3,11,8,14,0,0,Action
Manchester by the Sea,12/21/2016 19:00,2016 Q 4,12,13,5,5,4,2,7,2,0,0,Drama
Manchester by the Sea,12/31/2016 20:00,2016 Q 4,18,10,4,0,2,5,4,1,0,0,Drama
Manchester by the Sea,12/20/2016 19:00,2016 Q 4,19,6,11,0,0,4,6,10,0,0,Drama
Manchester by the Sea,12/18/2016 16:30,2016 Q 4,23,14,2,1,0,6,12,6,0,0,Drama
Manchester by the Sea,12/22/2016 16:00,2016 Q 4,26,4,2,1,0,7,4,5,0,0,Drama
Manchester by the Sea,12/24/2016 20:00,2016 Q 4,5,10,1,0,1,1,1,1,0,0,Drama
Manchester by the Sea,12/16/2016 19:00,2016 Q 4,37,23,6,0,2,6,7,4,0,0,Drama
Manchester by the Sea,12/22/2016 19:00,2016 Q 4,21,13,4,2,2,4,7,9,0,0,Drama
Manchester by the Sea,12/24/2016 17:00,2016 Q 4,5,10,1,2,0,0,2,2,0,0,Drama
Manchester by the Sea,12/20/2016 16:00,2016 Q 4,1,11,0,2,1,3,4,2,0,0,Drama
Manchester by the Sea,12/25/2016 17:00,2016 Q 4,16,7,3,0,0,6,7,5,0,0,Drama
Manchester by the Sea,12/31/2016 14:30,2016 Q 4,22,32,6,2,2,16,14,10,0,0,Drama
Manchester by the Sea,1/5/2017 18:30,2017 Q 1,20,5,5,1,3,4,4,6,0,0,Drama
Manchester by the Sea,12/30/2016 18:30,2016 Q 4,24,13,4,0,1,9,8,2,0,0,Drama
Manchester by the Sea,12/19/2016 16:00,2016 Q 4,5,15,0,0,1,2,3,0,0,0,Drama
Manchester by the Sea,12/28/2016 19:00,2016 Q 4,17,22,10,1,2,1,8,12,0,0,Drama
Manchester by the Sea,12/26/2016 18:30,2016 Q 4,20,21,5,0,1,9,7,6,0,0,Drama
Manchester by the Sea,12/16/2016 16:00,2016 Q 4,6,18,1,3,1,1,4,5,0,0,Drama
Manchester by the Sea,12/19/2016 19:00,2016 Q 4,8,3,3,0,0,1,1,4,0,0,Drama
Manchester by the Sea,12/18/2016 13:30,2016 Q 4,15,18,4,0,4,6,7,0,0,0,Drama
Manchester by the Sea,1/1/2017 20:00,2017 Q 1,27,2,8,0,2,10,5,3,0,0,Drama
Manchester by the Sea,12/17/2016 16:30,2016 Q 4,28,13,4,0,4,10,11,14,0,0,Drama
Manchester by the Sea,1/2/2017 18:30,2017 Q 1,12,5,2,2,2,2,2,6,0,0,Drama
Manchester by the Sea,12/25/2016 14:00,2016 Q 4,17,19,1,1,2,2,5,3,0,0,Drama
Manchester by the Sea,12/24/2016 14:00,2016 Q 4,24,20,4,1,3,6,7,1,0,0,Drama
Manchester by the Sea,1/1/2017 14:30,2017 Q 1,9,13,0,0,2,7,11,4,0,0,Drama
Manchester by the Sea,1/3/2017 18:30,2017 Q 1,17,4,2,2,3,4,5,3,0,0,Drama
Manchester by the Sea,12/21/2016 16:00,2016 Q 4,8,17,0,0,0,7,7,1,0,0,Drama
Manchester by the Sea,12/29/2016 19:00,2016 Q 4,26,16,8,1,0,5,9,9,0,0,Drama
Manchester by the Sea,12/29/2016 16:00,2016 Q 4,16,21,1,0,1,1,5,10,0,0,Drama
Manchester by the Sea,12/23/2016 19:00,2016 Q 4,9,5,0,2,3,12,8,10,0,0,Drama
Manchester by the Sea,12/28/2016 16:00,2016 Q 4,20,16,2,0,0,4,4,1,0,0,Drama
Manchester by the Sea,1/4/2017 18:30,2017 Q 1,5,1,1,0,1,2,1,0,0,0,Drama
Manchester by the Sea,12/27/2016 18:30,2016 Q 4,28,9,5,3,1,4,9,11,0,0,Drama
Manchester by the Sea,12/17/2016 19:30,2016 Q 4,24,6,6,2,1,7,8,10,0,0,Drama
Manchester by the Sea,12/17/2016 13:30,2016 Q 4,12,9,3,0,0,4,2,0,0,0,Drama
Manchester by the Sea,12/23/2016 16:00,2016 Q 4,30,37,4,0,5,7,8,8,0,0,Drama
Manchester by the Sea,12/25/2016 20:00,2016 Q 4,12,5,7,0,1,5,2,3,0,0,Drama
Mandy,10/14/2018 12:00,2018 Q 4,21,0,4,0,3,6,5,0,0,0,Action
Mandy,10/4/2018 22:00,2018 Q 4,67,0,0,0,3,4,8,17,0,0,Action
Mandy,10/2/2018 22:00,2018 Q 4,57,0,0,3,3,6,10,23,0,0,Action
Mandy,10/13/2018 12:00,2018 Q 4,21,0,6,0,2,7,7,6,0,0,Action
Mary Queen of Scots,12/31/2018 19:30,2018 Q 4,4,7,0,0,0,0,1,1,0,0,Biography
Mary Queen of Scots,12/27/2018 17:00,2018 Q 4,15,15,2,0,0,2,3,4,0,0,Biography
Mary Queen of Scots,12/31/2018 17:00,2018 Q 4,9,6,0,0,0,1,3,1,0,0,Biography
Mary Queen of Scots,12/23/2018 19:30,2018 Q 4,12,4,4,0,0,4,5,1,0,0,Biography
Mary Queen of Scots,12/23/2018 17:00,2018 Q 4,8,5,2,0,0,3,4,2,0,0,Biography
Mary Queen of Scots,12/25/2018 17:00,2018 Q 4,9,26,0,0,0,4,3,2,0,0,Biography
Mary Queen of Scots,12/21/2018 17:00,2018 Q 4,4,9,0,0,0,3,6,1,0,0,Biography
Mary Queen of Scots,12/30/2018 14:30,2018 Q 4,14,13,1,0,1,5,6,2,0,0,Biography
Mary Queen of Scots,12/21/2018 19:30,2018 Q 4,27,16,5,2,1,10,11,8,0,0,Biography
Mary Queen of Scots,1/1/2019 14:30,2019 Q 1,9,12,0,0,1,1,6,0,0,0,Biography
Mary Queen of Scots,1/1/2019 17:00,2019 Q 1,6,9,0,2,4,3,3,6,0,0,Biography
Mary Queen of Scots,12/30/2018 19:30,2018 Q 4,25,10,1,0,4,1,5,5,0,0,Biography
Mary Queen of Scots,1/3/2019 16:30,2019 Q 1,6,10,0,0,0,1,1,1,0,0,Biography
Mary Queen of Scots,12/23/2018 14:30,2018 Q 4,19,18,1,1,2,3,7,3,0,0,Biography
Mary Queen of Scots,1/3/2019 19:00,2019 Q 1,4,10,2,0,1,0,1,1,0,0,Biography
Mary Queen of Scots,1/2/2019 17:00,2019 Q 1,3,6,2,0,0,2,3,0,0,0,Biography
Mary Queen of Scots,12/29/2018 19:00,2018 Q 4,10,14,0,0,2,6,5,1,0,0,Biography
Mary Queen of Scots,12/30/2018 17:00,2018 Q 4,4,9,0,0,0,0,2,1,0,0,Biography
Mary Queen of Scots,1/2/2019 19:30,2019 Q 1,13,7,3,1,4,2,8,5,0,0,Biography
Mary Queen of Scots,12/26/2018 17:00,2018 Q 4,14,23,0,0,1,3,7,3,0,0,Biography
Mary Queen of Scots,12/25/2018 19:30,2018 Q 4,7,3,1,1,0,1,4,3,0,0,Biography
Mary Queen of Scots,12/24/2018 13:30,2018 Q 4,5,11,0,0,0,2,2,2,0,0,Biography
Mary Queen of Scots,12/22/2018 19:30,2018 Q 4,8,9,5,0,0,1,3,9,0,0,Biography
Mary Queen of Scots,12/22/2018 14:30,2018 Q 4,21,17,0,3,2,6,5,4,0,0,Biography
Mary Queen of Scots,12/22/2018 17:00,2018 Q 4,9,21,5,4,2,1,8,8,0,0,Biography
Mary Queen of Scots,12/29/2018 16:30,2018 Q 4,5,13,1,0,1,0,3,7,0,0,Biography
Mary Queen of Scots,12/28/2018 19:00,2018 Q 4,13,12,3,4,1,2,8,7,0,0,Biography
Mary Queen of Scots,12/29/2018 14:00,2018 Q 4,4,3,0,2,0,3,0,0,0,0,Biography
Mary Queen of Scots,12/24/2018 16:00,2018 Q 4,10,2,0,0,1,4,2,0,0,0,Biography
Mary Queen of Scots,12/27/2018 19:30,2018 Q 4,19,2,7,0,1,5,6,12,0,0,Biography
Mary Queen of Scots,12/28/2018 16:30,2018 Q 4,12,5,0,0,0,3,4,0,0,0,Biography
Maximum Overdrive,4/20/2019 21:30,2019 Q 2,29,0,0,1,2,2,6,5,0,0,Action
Maximum Overdrive,4/19/2019 21:30,2019 Q 2,10,0,0,2,1,1,4,11,0,0,Action
Midsommar,7/17/2019 19:30,2019 Q 3,34,0,5,0,4,5,10,8,0,0,Drama
Midsommar,7/18/2019 19:30,2019 Q 3,14,0,8,3,2,0,6,9,0,0,Drama
Midsommar,7/12/2019 19:30,2019 Q 3,15,0,15,0,0,3,4,5,0,0,Drama
Midsommar,7/18/2019 16:30,2019 Q 3,4,1,0,1,2,1,3,2,0,0,Drama
Midsommar,7/9/2019 19:30,2019 Q 3,31,0,18,2,4,4,10,25,0,0,Drama
Midsommar,7/11/2019 18:30,2019 Q 3,14,1,11,7,2,3,8,8,0,0,Drama
Midsommar,7/12/2019 16:30,2019 Q 3,3,0,0,2,0,0,1,0,0,0,Drama
Midsommar,7/16/2019 16:30,2019 Q 3,4,0,0,1,1,0,1,0,0,0,Drama
Midsommar,7/6/2019 15:30,2019 Q 3,15,5,5,0,3,7,6,4,0,0,Drama
Midsommar,7/13/2019 15:30,2019 Q 3,10,2,1,0,0,1,1,3,0,0,Drama
Midsommar,7/9/2019 16:30,2019 Q 3,5,0,0,0,1,1,2,1,0,0,Drama
Midsommar,7/8/2019 19:30,2019 Q 3,27,0,7,1,2,3,4,15,0,0,Drama
Midsommar,7/7/2019 16:30,2019 Q 3,15,3,7,0,1,5,7,4,0,0,Drama
Midsommar,7/6/2019 18:30,2019 Q 3,22,5,12,1,2,4,8,11,0,0,Drama
Midsommar,7/5/2019 18:30,2019 Q 3,37,3,6,0,5,5,8,22,0,0,Drama
Midsommar,7/13/2019 18:30,2019 Q 3,9,0,4,0,0,2,2,3,0,0,Drama
Midsommar,7/10/2019 16:30,2019 Q 3,0,0,2,0,0,1,1,1,0,0,Drama
Midsommar,7/15/2019 16:30,2019 Q 3,5,0,0,0,1,1,1,4,0,0,Drama
Midsommar,7/14/2019 16:30,2019 Q 3,20,0,2,3,0,2,5,5,0,0,Drama
Midsommar,7/14/2019 19:30,2019 Q 3,11,1,3,0,0,4,5,2,0,0,Drama
Midsommar,7/10/2019 19:30,2019 Q 3,23,2,13,1,0,7,7,10,0,0,Drama
Midsommar,7/16/2019 19:30,2019 Q 3,17,0,16,1,3,4,1,10,0,0,Drama
Midsommar,7/7/2019 19:30,2019 Q 3,16,0,13,1,5,5,7,13,0,0,Drama
Midsommar,7/14/2019 13:30,2019 Q 3,5,1,0,0,0,2,1,0,0,0,Drama
Monty Python and the Holy Grail,2/3/2018 12:00,2018 Q 1,19,1,3,1,2,4,3,10,0,0,Adventure
Monty Python and the Holy Grail,2/3/2018 22:00,2018 Q 1,23,0,11,3,1,4,3,8,0,0,Adventure
Monty Python and the Holy Grail,2/4/2018 19:30,2018 Q 1,9,1,6,2,2,6,2,5,0,0,Adventure
Moonlight,11/12/2016 14:00,2016 Q 4,20,11,4,0,4,4,4,1,0,0,Drama
Moonlight,12/31/2016 17:30,2016 Q 4,16,14,0,2,0,6,9,1,0,0,Drama
Moonlight,1/12/2017 22:00,2017 Q 1,28,1,28,0,4,8,13,10,0,0,Drama
Moonlight,11/20/2016 12:00,2016 Q 4,6,2,1,0,0,3,4,0,0,0,Drama
Moonlight,12/29/2016 22:00,2016 Q 4,19,4,20,0,1,8,6,8,0,0,Drama
Moonlight,11/15/2016 16:30,2016 Q 4,7,5,6,0,1,3,4,2,0,0,Drama
Moonlight,11/19/2016 19:30,2016 Q 4,34,21,12,2,3,11,15,5,0,0,Drama
Moonlight,11/11/2016 19:00,2016 Q 4,33,8,24,0,4,6,10,10,0,0,Drama
Moonlight,11/11/2016 16:30,2016 Q 4,15,10,5,0,0,5,8,10,0,0,Drama
Moonlight,3/15/2017 22:00,2017 Q 1,18,3,10,1,4,2,3,6,0,0,Drama
Moonlight,11/16/2016 19:00,2016 Q 4,20,8,19,0,0,4,7,6,0,0,Drama
Moonlight,11/11/2016 21:30,2016 Q 4,10,1,23,0,0,2,8,7,0,0,Drama
Moonlight,1/4/2017 21:30,2017 Q 1,12,0,5,0,5,5,2,1,0,0,Drama
Moonlight,11/16/2016 14:00,2016 Q 4,1,1,0,0,0,0,1,1,0,0,Drama
Moonlight,11/15/2016 19:00,2016 Q 4,12,6,5,0,4,3,7,5,0,0,Drama
Moonlight,11/20/2016 19:30,2016 Q 4,16,1,11,0,1,8,3,4,0,0,Drama
Moonlight,1/11/2017 22:00,2017 Q 1,13,0,19,0,0,4,5,3,0,0,Drama
Moonlight,11/18/2016 17:00,2016 Q 4,13,8,5,0,0,2,5,5,0,0,Drama
Moonlight,1/5/2017 21:30,2017 Q 1,8,0,17,0,2,4,3,0,0,0,Drama
Moonlight,11/18/2016 22:00,2016 Q 4,9,0,17,2,1,6,7,5,0,0,Drama
Moonlight,11/20/2016 14:30,2016 Q 4,15,8,4,1,0,4,6,1,0,0,Drama
Moonlight,11/20/2016 17:00,2016 Q 4,13,4,5,0,0,6,3,3,0,0,Drama
Moonlight,11/19/2016 14:30,2016 Q 4,20,9,5,2,1,10,8,1,0,0,Drama
Moonlight,11/19/2016 22:00,2016 Q 4,8,3,10,0,3,5,3,4,0,0,Drama
Moonlight,3/11/2017 12:00,2017 Q 1,21,17,8,2,2,6,12,4,0,0,Drama
Moonlight,11/18/2016 19:30,2016 Q 4,22,3,24,1,5,12,8,17,0,0,Drama
Moonlight,12/25/2016 11:30,2016 Q 4,8,9,3,1,0,5,3,3,0,0,Drama
Moonlight,11/17/2016 19:00,2016 Q 4,15,5,22,0,0,5,9,5,0,0,Drama
Moonlight,12/30/2016 16:00,2016 Q 4,23,18,2,0,0,12,5,5,0,0,Drama
Moonlight,11/14/2016 19:00,2016 Q 4,72,17,37,2,14,18,24,20,0,0,Drama
Moonlight,3/5/2017 11:30,2017 Q 1,44,26,18,0,3,25,14,0,0,0,Drama
Moonlight,12/30/2016 21:30,2016 Q 4,10,2,8,1,1,1,1,4,0,0,Drama
Moonlight,12/28/2016 22:00,2016 Q 4,13,2,8,0,0,2,5,1,0,0,Drama
Moonlight,11/21/2016 17:00,2016 Q 4,12,5,5,0,2,1,1,5,0,0,Drama
Moonlight,11/12/2016 16:30,2016 Q 4,26,21,3,0,3,5,5,6,0,0,Drama
Moonlight,11/16/2016 21:30,2016 Q 4,2,0,7,0,3,2,3,3,0,0,Drama
Moonlight,3/11/2017 22:00,2017 Q 1,16,1,19,0,2,0,3,7,0,0,Drama
Moonlight,1/5/2017 16:00,2017 Q 1,13,4,6,0,0,2,3,1,0,0,Drama
Moonlight,11/14/2016 16:30,2016 Q 4,8,10,0,0,3,1,2,2,0,0,Drama
Moonlight,11/19/2016 17:00,2016 Q 4,20,14,5,0,1,5,9,5,0,0,Drama
Moonlight,3/4/2017 22:00,2017 Q 1,48,6,36,0,5,7,11,19,0,0,Drama
Moonlight,3/3/2017 22:00,2017 Q 1,20,3,13,3,1,3,7,7,0,0,Drama
Moonlight,11/17/2016 16:30,2016 Q 4,4,7,0,0,0,1,1,0,0,0,Drama
Moonlight,11/13/2016 16:30,2016 Q 4,15,11,10,2,2,8,8,3,0,0,Drama
Moonlight,12/24/2016 11:30,2016 Q 4,15,12,5,0,0,3,5,1,0,0,Drama
Moonlight,1/1/2017 17:30,2017 Q 1,49,26,13,3,4,17,18,13,0,0,Drama
Moonlight,11/17/2016 21:30,2016 Q 4,6,0,9,0,1,2,2,3,0,0,Drama
Moonlight,11/16/2016 16:30,2016 Q 4,2,6,2,0,1,6,4,2,0,0,Drama
Moonlight,11/17/2016 14:00,2016 Q 4,2,2,0,0,0,2,2,1,0,0,Drama
Moonlight,3/8/2017 17:00,2017 Q 1,14,16,10,0,2,8,9,9,0,0,Drama
Moonlight,11/22/2016 17:00,2016 Q 4,15,6,2,0,0,5,4,6,0,0,Drama
Moonlight,11/22/2016 19:30,2016 Q 4,39,5,19,0,3,17,13,9,0,0,Drama
Moonlight,11/12/2016 19:00,2016 Q 4,58,24,12,4,4,7,20,9,0,0,Drama
Moonlight,11/21/2016 19:30,2016 Q 4,18,2,7,0,4,7,4,7,0,0,Drama
Moonlight,1/4/2017 16:00,2017 Q 1,10,19,3,2,1,4,5,4,0,0,Drama
Moonlight,11/12/2016 21:30,2016 Q 4,15,1,7,0,1,3,3,10,0,0,Drama
Moonlight,1/7/2017 22:00,2017 Q 1,19,7,7,0,2,5,9,11,0,0,Drama
Moonlight,11/13/2016 14:00,2016 Q 4,11,7,7,0,1,4,3,1,0,0,Drama
Moonlight,1/6/2017 22:00,2017 Q 1,13,0,8,2,0,4,6,7,0,0,Drama
Moonlight,11/13/2016 19:00,2016 Q 4,21,1,12,0,3,5,2,3,0,0,Drama
Moonlight,3/8/2017 22:00,2017 Q 1,6,0,32,1,4,4,9,4,0,0,Drama
Mortal Kombat,9/13/2017 22:00,2017 Q 3,0,0,0,152,6,15,26,28,0,0,Action
Mortal Kombat,9/13/2017 22:00,2017 Q 3,0,0,0,152,6,15,26,28,0,0,Action
No Man's Land,2/26/2017 11:00,2017 Q 1,0,0,0,49,2,12,5,2,0,0,Comedy
No Man's Land,2/25/2017 11:00,2017 Q 1,0,0,0,42,0,10,5,1,0,0,Comedy
Paddington 2,7/6/2019 11:30,2019 Q 3,0,0,0,56,2,10,9,0,0,0,Adventure
Paddington 2,7/7/2019 11:30,2019 Q 3,0,0,0,34,0,2,6,1,0,0,Adventure
Paterson,2/27/2017 19:00,2017 Q 1,9,6,3,0,0,4,4,5,0,0,Comedy
Paterson,3/2/2017 17:00,2017 Q 1,15,13,1,0,2,6,9,3,0,0,Comedy
Paterson,3/1/2017 22:00,2017 Q 1,3,0,8,0,0,0,3,7,0,0,Comedy
Paterson,2/17/2017 19:30,2017 Q 1,32,9,7,4,2,6,8,6,0,0,Comedy
Paterson,2/26/2017 17:00,2017 Q 1,9,21,0,2,2,3,11,1,0,0,Comedy
Paterson,2/24/2017 22:00,2017 Q 1,11,0,7,0,0,3,1,1,0,0,Comedy
Paterson,2/24/2017 17:00,2017 Q 1,16,19,2,1,1,5,8,1,0,0,Comedy
Paterson,2/19/2017 19:30,2017 Q 1,13,9,5,0,0,3,3,1,0,0,Comedy
Paterson,2/22/2017 17:00,2017 Q 1,5,3,0,0,0,0,1,3,0,0,Comedy
Paterson,2/28/2017 16:30,2017 Q 1,10,10,3,0,1,1,2,4,0,0,Comedy
Paterson,2/17/2017 17:00,2017 Q 1,14,12,0,0,1,5,9,3,0,0,Comedy
Paterson,2/25/2017 22:00,2017 Q 1,11,0,4,0,0,0,7,9,0,0,Comedy
Paterson,2/20/2017 16:30,2017 Q 1,7,20,1,2,1,4,6,2,0,0,Comedy
Paterson,3/1/2017 17:00,2017 Q 1,5,9,0,0,2,2,3,0,0,0,Comedy
Paterson,2/18/2017 19:30,2017 Q 1,55,44,9,6,3,13,20,14,0,0,Comedy
Paterson,2/21/2017 19:30,2017 Q 1,7,8,12,0,0,3,5,3,0,0,Comedy
Paterson,2/25/2017 17:00,2017 Q 1,36,38,13,0,6,18,16,9,0,0,Comedy
Paterson,2/19/2017 14:30,2017 Q 1,21,28,1,2,0,6,6,0,0,0,Comedy
Paterson,3/2/2017 22:00,2017 Q 1,6,2,13,0,0,1,3,5,0,0,Comedy
Paterson,2/23/2017 19:30,2017 Q 1,16,10,7,0,0,4,9,11,0,0,Comedy
Paterson,2/19/2017 17:00,2017 Q 1,19,10,3,2,2,6,9,5,0,0,Comedy
Paterson,2/23/2017 17:00,2017 Q 1,5,23,2,1,0,1,2,1,0,0,Comedy
Paterson,2/19/2017 12:00,2017 Q 1,4,10,3,1,0,3,4,0,0,0,Comedy
Paterson,2/18/2017 17:00,2017 Q 1,26,20,2,2,0,7,5,3,0,0,Comedy
Paterson,2/21/2017 17:00,2017 Q 1,4,2,3,0,1,1,1,0,0,0,Comedy
Paterson,2/18/2017 14:30,2017 Q 1,13,20,3,0,1,12,13,1,0,0,Comedy
Paterson,2/22/2017 19:30,2017 Q 1,15,11,8,1,3,4,8,6,0,0,Comedy
Persona,9/10/2018 19:30,2018 Q 3,46,13,15,8,3,4,11,15,0,0,Drama
Pet Sematary,8/16/2019 21:30,2019 Q 3,6,0,0,1,0,0,1,2,0,0,Horror
Pet Sematary,8/22/2019 21:30,2019 Q 3,10,0,0,0,0,2,2,8,0,0,Horror
Pet Sematary,8/17/2019 21:30,2019 Q 3,8,0,0,1,2,0,0,2,0,0,Horror
Phantom Thread,1/21/2018 16:30,2018 Q 1,15,6,6,0,0,3,2,5,0,0,Drama
Phantom Thread,1/23/2018 16:30,2018 Q 1,12,6,2,1,0,2,5,3,0,0,Drama
Phantom Thread,1/25/2018 16:30,2018 Q 1,3,6,1,0,1,1,5,1,0,0,Drama
Phantom Thread,1/21/2018 19:30,2018 Q 1,6,0,6,0,0,1,1,2,0,0,Drama
Phantom Thread,2/1/2018 19:30,2018 Q 1,17,4,4,4,0,1,7,2,0,0,Drama
Phantom Thread,2/1/2018 16:30,2018 Q 1,12,8,0,0,0,2,4,4,0,0,Drama
Phantom Thread,1/25/2018 19:30,2018 Q 1,27,6,5,0,4,6,5,4,0,0,Drama
Phantom Thread,1/26/2018 16:30,2018 Q 1,15,6,4,0,2,6,6,5,0,0,Drama
Phantom Thread,1/27/2018 16:30,2018 Q 1,14,7,4,0,0,4,8,5,0,0,Drama
Phantom Thread,1/24/2018 19:30,2018 Q 1,16,5,4,0,1,1,4,5,0,0,Drama
Phantom Thread,1/20/2018 16:30,2018 Q 1,18,24,5,0,2,4,9,5,0,0,Drama
Phantom Thread,1/31/2018 16:30,2018 Q 1,9,5,2,0,0,0,2,2,0,0,Drama
Phantom Thread,1/22/2018 16:30,2018 Q 1,6,2,2,0,1,2,2,1,0,0,Drama
Phantom Thread,1/27/2018 14:00,2018 Q 1,9,9,1,3,1,5,3,1,0,0,Drama
Phantom Thread,1/30/2018 16:30,2018 Q 1,2,6,1,0,0,1,2,2,0,0,Drama
Phantom Thread,1/20/2018 14:00,2018 Q 1,28,17,4,2,1,10,9,4,0,0,Drama
Phantom Thread,1/27/2018 19:30,2018 Q 1,36,12,15,8,4,9,11,10,0,0,Drama
Phantom Thread,1/19/2018 19:30,2018 Q 1,54,12,25,2,10,11,11,21,0,0,Drama
Phantom Thread,1/24/2018 16:30,2018 Q 1,8,5,1,0,2,2,2,3,0,0,Drama
Phantom Thread,1/26/2018 19:30,2018 Q 1,52,20,18,4,4,9,9,21,0,0,Drama
Phantom Thread,1/22/2018 19:30,2018 Q 1,18,1,10,1,0,1,4,6,0,0,Drama
Phantom Thread,1/28/2018 16:30,2018 Q 1,30,10,7,1,2,6,6,14,0,0,Drama
Phantom Thread,1/21/2018 14:00,2018 Q 1,26,21,4,0,1,8,7,0,0,0,Drama
Phantom Thread,1/19/2018 16:30,2018 Q 1,14,14,7,2,0,4,8,3,0,0,Drama
Phantom Thread,1/29/2018 16:30,2018 Q 1,6,1,0,0,0,1,2,1,0,0,Drama
Phantom Thread,1/20/2018 19:30,2018 Q 1,53,23,10,0,6,8,10,12,0,0,Drama
Phantom Thread,1/28/2018 14:00,2018 Q 1,12,4,3,4,0,0,4,6,0,0,Drama
Possession,10/12/2016 22:00,2016 Q 4,75,0,0,0,5,12,10,12,0,0,Drama
Punch-Drunk Love,2/16/2017 22:00,2017 Q 1,9,0,0,0,1,0,2,1,0,0,Comedy
Punch-Drunk Love,2/11/2017 22:00,2017 Q 1,9,0,0,2,1,1,0,0,0,0,Comedy
Punch-Drunk Love,2/10/2017 22:00,2017 Q 1,7,0,0,0,0,0,1,3,0,0,Comedy
Revenge,6/2/2018 22:00,2018 Q 2,14,0,0,0,0,0,4,4,0,0,Action
Revenge,6/1/2018 22:00,2018 Q 2,26,0,0,3,3,3,4,3,0,0,Action
Robot & Frank,3/12/2018 19:30,2018 Q 1,18,0,5,6,0,1,1,8,0,0,Comedy
Rollerball,2/10/2018 22:00,2018 Q 1,13,0,0,3,1,2,5,5,0,0,Action
Roma,12/15/2018 19:00,2018 Q 4,34,45,1,3,1,3,4,10,0,0,Drama
Roma,12/16/2018 12:00,2018 Q 4,14,8,1,0,0,3,2,0,0,0,Drama
Roma,3/3/2019 16:00,2019 Q 1,19,26,2,1,2,9,12,7,0,0,Drama
Roma,3/2/2019 14:00,2019 Q 1,21,25,0,0,1,5,6,0,0,0,Drama
Roma,12/20/2018 16:30,2018 Q 4,4,8,6,0,0,2,3,3,0,0,Drama
Roma,12/16/2018 14:30,2018 Q 4,13,23,7,1,2,4,2,1,0,0,Drama
Roma,3/1/2019 16:30,2019 Q 1,4,12,0,2,0,2,2,1,0,0,Drama
Roma,12/14/2018 19:00,2018 Q 4,18,21,11,5,0,7,8,3,0,0,Drama
Roma,12/17/2018 16:30,2018 Q 4,6,6,4,0,1,1,3,3,0,0,Drama
Roma,3/1/2019 19:30,2019 Q 1,15,15,7,4,2,6,9,4,0,0,Drama
Roma,12/19/2018 16:30,2018 Q 4,14,10,2,0,4,5,6,2,0,0,Drama
Rosemary's Baby,10/20/2016 22:00,2016 Q 4,17,0,0,8,0,3,7,10,0,0,Drama
Rosemary's Baby,10/15/2016 22:00,2016 Q 4,49,0,0,0,3,6,7,18,0,0,Drama
Rosemary's Baby,10/14/2016 22:00,2016 Q 4,54,0,0,0,2,9,9,11,0,0,Drama
Rubber,4/27/2019 21:30,2019 Q 2,25,0,0,3,2,3,5,10,0,0,Comedy
Rubber,4/26/2019 21:30,2019 Q 2,31,0,0,1,1,1,6,13,0,0,Comedy
Solaris,9/13/2017 16:00,2017 Q 3,17,0,0,0,2,6,2,3,0,0,Drama
Solaris,9/13/2017 16:00,2017 Q 3,17,0,0,0,2,6,2,3,0,0,Drama
Solaris,9/11/2017 19:00,2017 Q 3,117,0,0,4,9,12,19,34,0,0,Drama
Solaris,9/11/2017 19:00,2017 Q 3,117,0,0,4,9,12,19,34,0,0,Drama
Sorry to Bother You,7/21/2018 22:00,2018 Q 3,38,0,0,0,2,3,2,11,0,0,Comedy
Sorry to Bother You,7/22/2018 14:30,2018 Q 3,9,4,0,0,5,5,7,9,0,0,Comedy
Sorry to Bother You,8/2/2018 19:30,2018 Q 3,50,7,7,2,5,4,16,14,0,0,Comedy
Sorry to Bother You,7/31/2018 17:00,2018 Q 3,8,2,3,2,0,3,5,2,0,0,Comedy
Sorry to Bother You,7/21/2018 19:30,2018 Q 3,53,6,19,0,2,9,12,16,0,0,Comedy
Sorry to Bother You,7/30/2018 17:00,2018 Q 3,9,2,1,0,2,4,5,3,0,0,Comedy
Sorry to Bother You,7/29/2018 19:30,2018 Q 3,18,4,8,2,4,5,11,8,0,0,Comedy
Sorry to Bother You,7/29/2018 14:30,2018 Q 3,24,14,2,1,2,1,9,2,0,0,Comedy
Sorry to Bother You,7/21/2018 17:00,2018 Q 3,18,6,11,0,4,8,6,3,0,0,Comedy
Sorry to Bother You,8/2/2018 22:00,2018 Q 3,24,0,0,2,0,1,4,5,0,0,Comedy
Sorry to Bother You,7/21/2018 14:30,2018 Q 3,54,8,3,4,4,7,8,9,0,0,Comedy
Sorry to Bother You,7/30/2018 19:30,2018 Q 3,11,1,6,2,1,0,3,5,0,0,Comedy
Sorry to Bother You,7/22/2018 17:00,2018 Q 3,25,8,5,0,2,3,4,7,0,0,Comedy
Sorry to Bother You,8/2/2018 17:00,2018 Q 3,12,0,3,0,0,4,5,0,0,0,Comedy
Sorry to Bother You,8/1/2018 19:30,2018 Q 3,26,4,4,0,4,6,8,8,0,0,Comedy
Sorry to Bother You,7/20/2018 19:30,2018 Q 3,75,7,23,2,4,13,21,20,0,0,Comedy
Sorry to Bother You,7/28/2018 17:00,2018 Q 3,13,3,4,0,3,2,5,3,0,0,Comedy
Sorry to Bother You,7/20/2018 22:00,2018 Q 3,36,0,0,0,1,2,4,9,0,0,Comedy
Sorry to Bother You,7/25/2018 22:00,2018 Q 3,10,0,0,2,0,0,1,2,0,0,Comedy
Sorry to Bother You,8/1/2018 22:00,2018 Q 3,17,0,0,0,1,1,7,6,0,0,Comedy
Sorry to Bother You,7/25/2018 19:30,2018 Q 3,33,3,19,0,1,6,7,8,0,0,Comedy
Sorry to Bother You,7/29/2018 17:00,2018 Q 3,19,8,3,0,2,5,7,10,0,0,Comedy
Sorry to Bother You,7/25/2018 17:00,2018 Q 3,12,1,8,0,1,0,4,4,0,0,Comedy
Sorry to Bother You,7/28/2018 14:30,2018 Q 3,14,4,0,2,2,2,2,5,0,0,Comedy
Sorry to Bother You,8/1/2018 17:00,2018 Q 3,5,2,2,0,1,2,3,3,0,0,Comedy
Sorry to Bother You,7/27/2018 19:30,2018 Q 3,24,3,12,2,5,4,4,12,0,0,Comedy
Sorry to Bother You,7/27/2018 14:30,2018 Q 3,5,0,0,0,1,0,0,0,0,0,Comedy
Sorry to Bother You,7/27/2018 17:00,2018 Q 3,10,3,4,0,2,5,2,0,0,0,Comedy
Sorry to Bother You,7/28/2018 19:30,2018 Q 3,34,18,12,0,1,7,11,11,0,0,Comedy
Sorry to Bother You,7/23/2018 17:00,2018 Q 3,10,6,2,0,1,3,5,3,0,0,Comedy
Sorry to Bother You,7/26/2018 14:30,2018 Q 3,33,6,2,2,0,0,1,0,0,0,Comedy
Sorry to Bother You,7/22/2018 19:30,2018 Q 3,51,10,14,0,1,9,11,11,0,0,Comedy
Sorry to Bother You,7/20/2018 17:00,2018 Q 3,21,8,4,2,2,5,6,8,0,0,Comedy
Sorry to Bother You,7/24/2018 17:00,2018 Q 3,12,4,2,1,1,2,4,5,0,0,Comedy
Sorry to Bother You,7/23/2018 19:30,2018 Q 3,21,5,13,0,1,2,8,6,0,0,Comedy
Sorry to Bother You,7/26/2018 17:00,2018 Q 3,4,2,4,0,0,3,6,0,0,0,Comedy
Sorry to Bother You,7/26/2018 19:30,2018 Q 3,32,3,24,0,1,4,12,9,0,0,Comedy
Space Jam,4/19/2017 22:00,2017 Q 2,13,0,0,0,1,1,3,3,0,0,Animation
Space Jam,4/30/2017 11:30,2017 Q 2,15,0,6,5,3,8,4,0,0,0,Animation
Space Jam,4/20/2017 22:00,2017 Q 2,29,0,0,0,1,2,8,9,0,0,Animation
Space Jam,4/28/2017 22:00,2017 Q 2,23,0,0,0,1,6,3,3,0,0,Animation
Space Jam,4/29/2017 22:00,2017 Q 2,31,0,0,0,0,6,7,4,0,0,Animation
Stalker,9/10/2017 12:00,2017 Q 3,19,0,0,0,1,4,3,1,0,0,Drama
Stalker,9/4/2017 19:00,2017 Q 3,178,0,0,1,16,35,20,37,0,0,Drama
Stan & Ollie,3/14/2019 17:00,2019 Q 1,4,3,0,4,1,0,1,2,0,0,Biography
Stan & Ollie,3/12/2019 17:00,2019 Q 1,2,5,1,1,1,2,2,0,0,0,Biography
Stan & Ollie,3/8/2019 17:00,2019 Q 1,6,16,1,0,0,6,5,5,0,0,Biography
Stan & Ollie,3/10/2019 13:30,2019 Q 1,13,21,2,6,2,2,11,5,0,0,Biography
Stan & Ollie,3/9/2019 17:00,2019 Q 1,20,22,0,2,1,8,6,4,0,0,Biography
Superman,4/29/2018 11:30,2018 Q 2,2,0,0,2,0,2,1,0,0,0,Action
Superman,5/3/2018 22:00,2018 Q 2,8,0,0,0,0,0,1,2,0,0,Action
Superman,4/28/2018 22:00,2018 Q 2,12,0,0,0,0,0,0,1,0,0,Action
Superman,4/27/2018 22:00,2018 Q 2,4,0,0,2,1,1,0,2,0,0,Action
T2 Trainspotting,4/20/2017 16:30,2017 Q 2,3,1,0,2,1,1,0,0,0,0,Drama
T2 Trainspotting,4/19/2017 16:30,2017 Q 2,2,1,2,0,0,1,0,0,0,0,Drama
Tangerine,6/29/2019 21:30,2019 Q 2,1,0,0,0,0,1,1,0,0,0,Comedy
Taxi Driver,1/19/2018 22:00,2018 Q 1,28,0,0,0,4,5,1,4,0,0,Crime
Taxi Driver,1/20/2018 22:00,2018 Q 1,28,0,0,0,3,1,3,6,0,0,Crime
The Bad Batch,7/6/2017 22:00,2017 Q 3,18,0,0,0,1,2,1,7,0,0,Action
The Bad Batch,6/30/2017 22:00,2017 Q 2,23,0,0,0,2,2,3,8,0,0,Action
The Bad Batch,7/1/2017 22:00,2017 Q 3,20,0,0,0,0,1,2,6,0,0,Action
The Beguiled,6/30/2017 14:30,2017 Q 2,8,23,2,0,1,9,7,1,0,0,Drama
The Beguiled,7/4/2017 19:30,2017 Q 3,11,7,1,0,0,4,2,0,0,0,Drama
The Beguiled,7/3/2017 19:30,2017 Q 3,34,13,1,0,1,11,9,6,0,0,Drama
The Beguiled,7/13/2017 19:30,2017 Q 3,27,13,4,0,1,13,9,3,0,0,Drama
The Beguiled,6/30/2017 19:30,2017 Q 2,33,18,9,0,1,7,10,5,0,0,Drama
The Beguiled,7/9/2017 14:30,2017 Q 3,11,10,1,0,1,10,8,3,0,0,Drama
The Beguiled,7/8/2017 17:00,2017 Q 3,15,16,0,0,0,5,4,5,0,0,Drama
The Beguiled,7/13/2017 17:00,2017 Q 3,6,11,0,0,0,2,5,3,0,0,Drama
The Beguiled,7/9/2017 17:00,2017 Q 3,9,10,0,0,1,3,5,2,0,0,Drama
The Beguiled,7/5/2017 17:00,2017 Q 3,11,9,3,0,0,1,3,7,0,0,Drama
The Beguiled,6/30/2017 17:00,2017 Q 2,12,12,4,0,0,4,6,4,0,0,Drama
The Beguiled,7/3/2017 17:00,2017 Q 3,5,10,6,0,1,2,1,3,0,0,Drama
The Beguiled,7/5/2017 19:30,2017 Q 3,13,5,4,0,2,4,5,1,0,0,Drama
The Beguiled,7/12/2017 19:30,2017 Q 3,15,2,2,0,3,3,5,2,0,0,Drama
The Beguiled,7/8/2017 14:30,2017 Q 3,15,22,3,0,3,7,12,1,0,0,Drama
The Beguiled,7/4/2017 14:30,2017 Q 3,1,7,0,0,0,11,12,6,0,0,Drama
The Beguiled,7/4/2017 17:00,2017 Q 3,37,33,4,0,1,3,5,5,0,0,Drama
The Beguiled,7/11/2017 19:30,2017 Q 3,10,2,4,0,2,3,2,6,0,0,Drama
The Beguiled,7/10/2017 17:30,2017 Q 3,11,7,4,0,0,6,7,2,0,0,Drama
The Beguiled,7/12/2017 17:00,2017 Q 3,5,4,1,0,1,2,2,0,0,0,Drama
The Beguiled,7/1/2017 14:30,2017 Q 3,23,35,0,0,5,13,11,2,0,0,Drama
The Beguiled,7/8/2017 19:30,2017 Q 3,30,14,9,3,0,9,7,7,0,0,Drama
The Beguiled,7/7/2017 19:30,2017 Q 3,20,12,2,0,1,4,6,6,0,0,Drama
The Beguiled,7/2/2017 16:30,2017 Q 3,29,35,0,0,1,9,13,6,0,0,Drama
The Beguiled,7/11/2017 17:00,2017 Q 3,0,4,0,0,1,0,0,0,0,0,Drama
The Beguiled,7/2/2017 14:00,2017 Q 3,14,37,3,0,1,9,11,1,0,0,Drama
The Beguiled,7/6/2017 19:30,2017 Q 3,16,7,5,0,2,3,3,8,0,0,Drama
The Beguiled,7/6/2017 17:00,2017 Q 3,5,15,2,0,0,5,8,3,0,0,Drama
The Beguiled,7/9/2017 19:30,2017 Q 3,12,3,3,0,0,1,3,2,0,0,Drama
The Beguiled,7/1/2017 19:30,2017 Q 3,57,43,10,0,3,18,19,14,0,0,Drama
The Beguiled,7/1/2017 17:00,2017 Q 3,11,13,1,2,1,6,5,0,0,0,Drama
The Beguiled,7/7/2017 17:00,2017 Q 3,6,11,0,0,0,5,7,1,0,0,Drama
The Big Lebowski,9/4/2016 11:30,2016 Q 3,5,0,5,11,2,9,7,0,0,0,Comedy
The Big Lebowski,9/3/2016 22:00,2016 Q 3,65,0,0,2,4,14,11,25,0,0,Comedy
The Big Lebowski,9/7/2016 22:00,2016 Q 3,33,0,0,1,0,4,5,21,0,0,Comedy
The Big Lebowski,9/2/2016 22:00,2016 Q 3,73,0,0,3,3,5,13,38,0,0,Comedy
The Big Sick,7/18/2017 16:30,2017 Q 3,6,8,0,0,1,0,3,2,0,0,Comedy
The Big Sick,7/27/2017 16:30,2017 Q 3,5,6,2,2,0,3,4,0,0,0,Comedy
The Big Sick,7/20/2017 16:30,2017 Q 3,9,7,0,0,0,8,4,2,0,0,Comedy
The Big Sick,7/14/2017 16:30,2017 Q 3,13,12,0,0,1,5,4,2,0,0,Comedy
The Big Sick,7/24/2017 16:30,2017 Q 3,2,6,0,0,0,2,3,0,0,0,Comedy
The Big Sick,7/15/2017 16:30,2017 Q 3,9,1,3,0,0,18,5,9,0,0,Comedy
The Big Sick,7/21/2017 16:30,2017 Q 3,3,15,1,0,0,3,4,3,0,0,Comedy
The Big Sick,7/26/2017 16:30,2017 Q 3,4,4,0,0,0,4,2,1,0,0,Comedy
The Big Sick,7/22/2017 16:30,2017 Q 3,24,17,2,0,2,6,7,6,0,0,Comedy
The Big Sick,7/16/2017 16:30,2017 Q 3,40,23,1,0,4,8,7,8,0,0,Comedy
The Big Sick,7/23/2017 16:30,2017 Q 3,15,6,0,4,1,7,7,8,0,0,Comedy
The Big Sick,7/17/2017 16:30,2017 Q 3,7,9,0,0,1,1,3,0,0,0,Comedy
The Book of Life,9/23/2017 11:30,2017 Q 3,0,0,0,17,2,3,3,1,0,0,Animation
The Book of Life,9/24/2017 11:30,2017 Q 3,0,0,0,19,1,3,7,1,0,0,Animation
The Clovehitch Killer,1/4/2019 21:30,2019 Q 1,1,0,0,0,1,0,1,5,0,0,Crime
The Clovehitch Killer,1/10/2019 21:30,2019 Q 1,29,0,0,4,1,3,2,1,0,0,Crime
The Clovehitch Killer,1/5/2019 21:30,2019 Q 1,18,0,0,0,2,2,4,8,0,0,Crime
The Dead Don't Die,8/15/2019 21:30,2019 Q 3,21,0,0,0,0,1,4,8,0,0,Comedy
The Dead Don't Die,8/11/2019 19:30,2019 Q 3,15,4,8,1,1,2,5,10,0,0,Comedy
The Dead Don't Die,8/9/2019 21:30,2019 Q 3,19,0,0,1,1,2,4,4,0,0,Comedy
The Dead Don't Die,8/10/2019 14:30,2019 Q 3,11,0,0,2,0,2,2,2,0,0,Comedy
The Dead Don't Die,8/10/2019 21:30,2019 Q 3,34,0,0,1,6,8,10,12,0,0,Comedy
The Death of Stalin,6/2/2018 19:30,2018 Q 2,56,33,10,8,1,9,16,6,0,0,Comedy
The Death of Stalin,6/4/2018 19:30,2018 Q 2,17,12,7,0,1,5,7,8,0,0,Comedy
The Death of Stalin,6/2/2018 14:30,2018 Q 2,8,4,4,2,2,2,3,2,0,0,Comedy
The Death of Stalin,6/21/2018 21:00,2018 Q 2,16,4,3,0,0,1,1,3,0,0,Comedy
The Death of Stalin,6/3/2018 12:00,2018 Q 2,18,10,2,0,2,5,7,3,0,0,Comedy
The Death of Stalin,6/1/2018 17:00,2018 Q 2,16,11,1,2,0,1,3,7,0,0,Comedy
The Death of Stalin,6/5/2018 17:00,2018 Q 2,13,6,3,0,0,5,7,2,0,0,Comedy
The Death of Stalin,6/9/2018 14:30,2018 Q 2,23,11,3,0,1,2,7,3,0,0,Comedy
The Death of Stalin,6/10/2018 14:30,2018 Q 2,23,10,7,0,4,2,9,9,0,0,Comedy
The Death of Stalin,6/3/2018 17:00,2018 Q 2,34,12,2,2,4,4,11,11,0,0,Comedy
The Endless,5/30/2018 19:30,2018 Q 2,34,6,2,1,3,6,5,8,0,0,Drama
The Endless,5/26/2018 22:00,2018 Q 2,20,0,0,0,1,1,1,6,0,0,Drama
The Endless,5/25/2018 22:00,2018 Q 2,33,0,0,3,3,2,5,12,0,0,Drama
The Farewell,8/17/2019 16:30,2019 Q 3,23,17,5,0,0,4,4,5,0,0,Comedy
The Farewell,8/21/2019 17:00,2019 Q 3,10,10,1,0,0,3,2,1,0,0,Comedy
The Farewell,8/19/2019 17:00,2019 Q 3,0,0,0,2,0,4,0,0,0,0,Comedy
The Farewell,8/17/2019 14:30,2019 Q 3,14,18,1,1,2,3,8,2,0,0,Comedy
The Farewell,8/16/2019 19:00,2019 Q 3,20,10,6,1,3,7,5,1,0,0,Comedy
The Farewell,8/28/2019 17:00,2019 Q 3,4,7,5,2,1,2,3,2,0,0,Comedy
The Farewell,8/21/2019 19:30,2019 Q 3,17,9,5,1,0,3,2,3,0,0,Comedy
The Farewell,8/18/2019 12:00,2019 Q 3,12,3,4,0,1,5,5,2,0,0,Comedy
The Farewell,8/17/2019 19:00,2019 Q 3,19,15,8,0,2,6,8,8,0,0,Comedy
The Farewell,8/18/2019 17:00,2019 Q 3,4,10,1,1,0,3,2,3,0,0,Comedy
The Farewell,8/23/2019 17:00,2019 Q 3,9,4,1,0,0,1,0,2,0,0,Comedy
The Farewell,8/25/2019 14:30,2019 Q 3,8,9,6,0,0,3,2,2,0,0,Comedy
The Farewell,8/22/2019 19:00,2019 Q 3,18,4,8,1,0,4,7,3,0,0,Comedy
The Farewell,8/20/2019 19:30,2019 Q 3,18,4,8,0,1,2,8,6,0,0,Comedy
The Farewell,8/26/2019 17:00,2019 Q 3,0,0,0,9,0,3,5,4,0,0,Comedy
The Farewell,8/18/2019 19:30,2019 Q 3,13,4,7,0,3,0,2,10,0,0,Comedy
The Farewell,8/22/2019 16:30,2019 Q 3,1,4,0,1,0,1,1,1,0,0,Comedy
The Farewell,8/27/2019 19:30,2019 Q 3,0,5,2,1,0,0,1,2,0,0,Comedy
The Farewell,8/24/2019 17:00,2019 Q 3,7,2,2,2,2,1,3,3,0,0,Comedy
The Farewell,8/16/2019 16:30,2019 Q 3,0,4,2,0,0,1,2,1,0,0,Comedy
The Farewell,8/29/2019 17:00,2019 Q 3,9,1,2,0,1,0,0,2,0,0,Comedy
The Farewell,8/18/2019 14:30,2019 Q 3,16,7,5,0,2,5,5,0,0,0,Comedy
The Farewell,8/25/2019 19:30,2019 Q 3,10,4,13,3,4,2,4,3,0,0,Comedy
The Farewell,8/20/2019 17:00,2019 Q 3,7,0,1,0,0,1,3,4,0,0,Comedy
The Favourite,2/3/2019 14:30,2019 Q 1,30,28,12,4,4,10,11,9,0,0,Biography
The Favourite,3/2/2019 17:00,2019 Q 1,43,36,14,6,6,12,18,18,0,0,Biography
The Favourite,2/9/2019 19:00,2019 Q 1,59,26,13,2,6,9,18,27,0,0,Biography
The Favourite,2/8/2019 16:00,2019 Q 1,6,1,2,0,1,2,2,0,0,0,Biography
The Favourite,3/7/2019 19:30,2019 Q 1,17,6,9,5,3,3,6,12,0,0,Biography
The Favourite,3/3/2019 13:00,2019 Q 1,25,13,6,0,2,7,6,5,0,0,Biography
The Favourite,2/10/2019 17:00,2019 Q 1,20,9,13,2,3,5,10,5,0,0,Biography
The Favourite,2/6/2019 19:30,2019 Q 1,26,13,18,1,1,6,12,18,0,0,Biography
The Favourite,2/7/2019 16:30,2019 Q 1,9,16,4,0,0,1,2,1,0,0,Biography
The Favourite,2/12/2019 16:00,2019 Q 1,11,11,4,2,0,2,6,1,0,0,Biography
The Favourite,2/4/2019 16:30,2019 Q 1,10,23,4,0,1,3,8,6,0,0,Biography
The Favourite,3/4/2019 19:30,2019 Q 1,12,9,8,1,3,4,10,8,0,0,Biography
The Favourite,2/2/2019 19:00,2019 Q 1,78,30,25,3,10,17,17,20,0,0,Biography
The Florida Project,11/11/2017 22:00,2017 Q 4,8,0,5,0,1,0,2,4,0,0,Drama
The Florida Project,11/17/2017 19:00,2017 Q 4,20,9,7,2,2,2,5,5,0,0,Drama
The Florida Project,11/23/2017 19:00,2017 Q 4,12,8,2,0,2,2,1,5,0,0,Drama
The Florida Project,11/15/2017 16:30,2017 Q 4,1,2,4,0,0,0,2,1,0,0,Drama
The Florida Project,11/23/2017 21:30,2017 Q 4,2,0,4,0,0,1,1,2,0,0,Drama
The Florida Project,11/12/2017 16:30,2017 Q 4,20,11,3,0,1,4,2,0,0,0,Drama
The Florida Project,11/22/2017 21:30,2017 Q 4,8,1,0,0,1,1,0,2,0,0,Drama
The Florida Project,11/16/2017 16:30,2017 Q 4,1,4,0,1,0,0,1,3,0,0,Drama
The Florida Project,11/13/2017 16:30,2017 Q 4,10,14,7,0,3,6,7,3,0,0,Drama
The Florida Project,11/11/2017 16:30,2017 Q 4,17,6,2,0,0,2,4,2,0,0,Drama
The Florida Project,11/19/2017 17:00,2017 Q 4,6,27,1,4,0,2,3,2,0,0,Drama
The Florida Project,11/16/2017 22:00,2017 Q 4,5,0,3,0,0,0,1,0,0,0,Drama
The Florida Project,11/10/2017 22:00,2017 Q 4,2,0,8,1,0,1,0,0,0,0,Drama
The Florida Project,11/20/2017 19:30,2017 Q 4,17,18,4,2,2,2,4,2,0,0,Drama
The Florida Project,11/14/2017 16:00,2017 Q 4,4,2,0,0,0,1,3,0,0,0,Drama
The Florida Project,11/18/2017 19:00,2017 Q 4,43,33,3,5,7,4,11,15,0,0,Drama
The Florida Project,11/19/2017 19:30,2017 Q 4,16,8,4,0,2,2,2,1,0,0,Drama
The Florida Project,11/22/2017 19:00,2017 Q 4,19,7,3,0,1,2,4,7,0,0,Drama
The Florida Project,11/18/2017 21:30,2017 Q 4,6,0,4,0,0,1,3,1,0,0,Drama
The Florida Project,11/10/2017 16:30,2017 Q 4,8,7,1,1,0,1,3,2,0,0,Drama
The Florida Project,11/21/2017 19:30,2017 Q 4,17,4,6,2,5,3,5,3,0,0,Drama
The Florida Project,11/17/2017 21:30,2017 Q 4,7,0,11,0,0,0,2,5,0,0,Drama
The Fog,11/3/2018 22:00,2018 Q 4,23,0,0,0,3,1,2,3,0,0,Horror
The Fog,11/8/2018 22:00,2018 Q 4,12,0,0,0,3,2,1,1,0,0,Horror
The Fog,11/2/2018 22:00,2018 Q 4,17,0,0,3,0,0,0,6,0,0,Horror
The Grand Budapest Hotel,4/7/2018 12:00,2018 Q 2,23,0,0,0,0,2,7,6,0,0,Adventure
The Grand Budapest Hotel,4/7/2018 22:00,2018 Q 2,56,0,0,0,1,1,7,5,0,0,Adventure
The Grand Budapest Hotel,4/8/2018 17:00,2018 Q 2,47,0,0,0,5,4,8,3,0,0,Adventure
The Grand Budapest Hotel,4/11/2018 22:00,2018 Q 2,44,0,0,0,1,1,5,8,0,0,Adventure
The Grand Budapest Hotel,4/6/2018 22:00,2018 Q 2,75,0,0,0,4,4,12,15,0,0,Adventure
The Guilty,11/9/2018 19:30,2018 Q 4,21,8,3,0,2,1,7,5,0,0,Crime
The Guilty,11/11/2018 14:30,2018 Q 4,19,8,4,0,2,3,1,3,0,0,Crime
The Guilty,11/15/2018 17:00,2018 Q 4,10,15,2,4,1,1,5,6,0,0,Crime
The Guilty,11/10/2018 19:30,2018 Q 4,23,13,8,5,1,1,11,13,0,0,Crime
The Kid,7/30/2017 11:30,2017 Q 3,0,0,0,57,2,12,5,0,0,0,Comedy
The Kid,7/30/2017 11:30,2017 Q 3,0,0,0,57,2,12,5,0,0,0,Comedy
The Kid,7/29/2017 11:30,2017 Q 3,0,0,0,1,3,12,16,2,0,0,Comedy
The Kid,7/29/2017 11:30,2017 Q 3,0,0,0,1,3,12,16,2,0,0,Comedy
The Killing,7/14/2016 22:00,2016 Q 3,13,0,0,4,3,6,2,4,0,0,Crime
The Killing,7/9/2016 22:00,2016 Q 3,13,0,0,2,0,2,0,5,0,0,Crime
The Killing,7/8/2016 22:00,2016 Q 3,33,0,0,1,1,6,6,16,0,0,Crime
The Killing,7/10/2016 12:00,2016 Q 3,13,0,1,6,2,5,0,0,0,0,Crime
The Killing of a Sacred Deer,11/24/2017 22:00,2017 Q 4,21,1,7,1,8,8,3,3,0,0,Drama
The Killing of a Sacred Deer,11/29/2017 22:00,2017 Q 4,21,2,13,2,4,4,7,9,0,0,Drama
The Killing of a Sacred Deer,11/25/2017 21:30,2017 Q 4,43,0,12,1,5,6,7,9,0,0,Drama
The Killing of a Sacred Deer,11/30/2017 22:00,2017 Q 4,21,2,6,1,1,6,8,5,0,0,Drama
The Lady from Shanghai,7/17/2016 11:30,2016 Q 3,14,0,0,15,2,8,8,0,0,0,Crime
The Lady from Shanghai,7/7/2016 22:00,2016 Q 3,23,0,0,4,1,5,6,13,0,0,Crime
The Lost City of Z,4/22/2017 19:00,2017 Q 2,27,30,14,2,2,11,14,9,0,0,Adventure
The Lost City of Z,4/23/2017 11:00,2017 Q 2,2,4,1,1,0,2,2,0,0,0,Adventure
The Lost City of Z,4/23/2017 14:00,2017 Q 2,11,12,0,0,4,5,2,1,0,0,Adventure
The Lost City of Z,4/21/2017 19:00,2017 Q 2,21,3,5,1,2,4,4,5,0,0,Adventure
The Lost City of Z,4/29/2017 16:00,2017 Q 2,13,9,5,0,1,3,4,3,0,0,Adventure
The Lost City of Z,4/21/2017 16:00,2017 Q 2,4,2,1,0,0,0,1,0,0,0,Adventure
The Lost City of Z,4/28/2017 19:00,2017 Q 2,18,5,0,0,4,2,6,9,0,0,Adventure
The Lost City of Z,4/25/2017 20:00,2017 Q 2,12,2,7,1,2,3,3,5,0,0,Adventure
The Lost City of Z,5/3/2017 16:00,2017 Q 2,1,9,1,0,0,2,2,0,0,0,Adventure
The Lost City of Z,4/30/2017 14:00,2017 Q 2,5,5,5,0,2,5,2,0,0,0,Adventure
The Lost City of Z,4/28/2017 16:00,2017 Q 2,4,4,0,0,0,4,2,0,0,0,Adventure
The Lost City of Z,5/1/2017 17:30,2017 Q 2,13,2,2,0,0,4,2,0,0,0,Adventure
The Lost City of Z,4/29/2017 19:00,2017 Q 2,26,13,6,0,4,7,11,5,0,0,Adventure
The Lost City of Z,4/27/2017 16:00,2017 Q 2,1,4,0,0,0,2,2,0,0,0,Adventure
The Lost City of Z,4/27/2017 19:00,2017 Q 2,4,4,14,0,2,2,2,4,0,0,Adventure
The Lost City of Z,4/26/2017 16:00,2017 Q 2,0,11,2,1,0,1,3,3,0,0,Adventure
The Lost City of Z,4/26/2017 19:00,2017 Q 2,17,5,10,0,2,4,4,5,0,0,Adventure
The Lost City of Z,4/24/2017 16:00,2017 Q 2,4,1,0,0,0,2,1,0,0,0,Adventure
The Lost City of Z,5/2/2017 16:00,2017 Q 2,6,4,8,0,0,1,2,2,0,0,Adventure
The Lost City of Z,4/30/2017 20:00,2017 Q 2,9,0,5,0,1,2,2,2,0,0,Adventure
The Lost City of Z,4/22/2017 16:00,2017 Q 2,12,7,6,0,0,1,4,3,0,0,Adventure
The Lost City of Z,4/30/2017 17:00,2017 Q 2,16,4,1,0,0,3,11,9,0,0,Adventure
The Lost City of Z,4/22/2017 13:00,2017 Q 2,4,1,0,0,0,3,2,1,0,0,Adventure
The Lost City of Z,4/29/2017 13:00,2017 Q 2,11,4,4,0,0,2,5,4,0,0,Adventure
The Lost City of Z,4/24/2017 19:00,2017 Q 2,0,0,1,0,0,0,0,3,0,0,Adventure
The Lost City of Z,4/23/2017 20:00,2017 Q 2,9,2,8,0,0,3,5,5,0,0,Adventure
The Lost City of Z,4/23/2017 17:00,2017 Q 2,2,3,0,0,0,1,2,0,0,0,Adventure
The Lost City of Z,5/3/2017 19:00,2017 Q 2,19,3,1,2,1,2,1,2,0,0,Adventure
The Matrix,9/17/2016 22:00,2016 Q 3,22,0,0,0,3,4,5,5,0,0,Action
The Matrix,9/22/2016 22:00,2016 Q 3,10,0,0,0,2,1,2,2,0,0,Action
The Matrix,9/16/2016 22:00,2016 Q 3,12,0,0,0,1,3,0,2,0,0,Action
The Muppet Christmas Carol,12/18/2016 11:30,2016 Q 4,20,2,8,9,1,13,8,4,0,0,Comedy
The Muppet Christmas Carol,12/17/2016 11:30,2016 Q 4,9,0,4,3,1,1,1,0,0,0,Comedy
The Night of the Hunter,8/13/2017 12:00,2017 Q 3,9,0,1,7,2,3,3,2,0,0,Crime
The Night of the Hunter,8/13/2017 19:30,2017 Q 3,41,0,0,0,0,8,6,4,0,0,Crime
The Nightingale,8/30/2019 21:30,2019 Q 3,10,0,0,2,0,0,0,1,0,0,Adventure
The Nightingale,8/31/2019 21:30,2019 Q 3,20,0,0,3,0,1,3,3,0,0,Adventure
The Nutty Professor,9/19/2017 19:00,2017 Q 3,7,3,0,3,1,1,1,1,0,0,Comedy
The Old Man & the Gun,10/19/2018 19:30,2018 Q 4,26,39,4,1,2,6,11,9,0,0,Biography
The Old Man & the Gun,10/18/2018 19:30,2018 Q 4,10,5,2,0,0,1,6,3,0,0,Biography
The Old Man & the Gun,10/28/2018 19:30,2018 Q 4,12,7,0,0,0,3,2,0,0,0,Biography
The Old Man & the Gun,10/26/2018 17:00,2018 Q 4,15,22,0,0,0,6,6,5,0,0,Biography
The Old Man & the Gun,10/27/2018 14:30,2018 Q 4,9,28,1,3,0,7,11,1,0,0,Biography
The Old Man & the Gun,10/19/2018 17:00,2018 Q 4,10,31,4,2,2,5,9,5,0,0,Biography
The Old Man & the Gun,10/21/2018 17:00,2018 Q 4,16,29,4,0,1,9,13,7,0,0,Biography
The Old Man & the Gun,10/18/2018 17:00,2018 Q 4,7,9,2,1,3,3,3,2,0,0,Biography
The Old Man & the Gun,10/28/2018 17:00,2018 Q 4,6,11,0,2,0,3,3,2,0,0,Biography
The Old Man & the Gun,11/1/2018 19:30,2018 Q 4,7,16,6,0,1,1,4,5,0,0,Biography
The Old Man & the Gun,11/1/2018 17:00,2018 Q 4,5,28,0,0,0,0,2,2,0,0,Biography
The Old Man & the Gun,10/29/2018 17:00,2018 Q 4,3,12,1,0,0,1,2,0,0,0,Biography
The Old Man & the Gun,10/20/2018 17:00,2018 Q 4,10,44,0,0,0,4,7,2,0,0,Biography
The Old Man & the Gun,10/26/2018 19:30,2018 Q 4,19,15,3,0,2,3,3,1,0,0,Biography
The Old Man & the Gun,11/10/2018 12:00,2018 Q 4,12,14,0,2,0,7,7,1,0,0,Biography
The Old Man & the Gun,11/12/2018 17:00,2018 Q 4,5,15,1,0,2,1,2,0,0,0,Biography
The Old Man & the Gun,10/27/2018 19:30,2018 Q 4,36,21,6,0,4,7,7,6,0,0,Biography
The Old Man & the Gun,10/27/2018 17:00,2018 Q 4,11,18,4,0,2,6,6,7,0,0,Biography
The Old Man & the Gun,10/21/2018 19:30,2018 Q 4,15,14,0,0,1,6,7,5,0,0,Biography
The Old Man & the Gun,10/22/2018 16:30,2018 Q 4,5,15,1,0,0,3,6,3,0,0,Biography
The Old Man & the Gun,10/19/2018 14:30,2018 Q 4,3,5,0,0,1,1,4,0,0,0,Biography
The Old Man & the Gun,10/23/2018 16:30,2018 Q 4,6,28,0,1,0,9,9,3,0,0,Biography
The Old Man & the Gun,10/30/2018 17:00,2018 Q 4,8,17,0,2,0,8,7,1,0,0,Biography
The Old Man & the Gun,11/9/2018 17:00,2018 Q 4,3,20,0,0,0,6,6,1,0,0,Biography
The Old Man & the Gun,10/20/2018 19:30,2018 Q 4,46,39,0,4,3,4,11,12,0,0,Biography
The Old Man & the Gun,10/31/2018 17:00,2018 Q 4,3,28,0,0,1,3,4,3,0,0,Biography
The Old Man & the Gun,10/24/2018 17:00,2018 Q 4,0,5,0,3,0,4,8,1,0,0,Biography
The Old Man & the Gun,10/25/2018 19:30,2018 Q 4,13,25,2,0,3,2,4,3,0,0,Biography
The Old Man & the Gun,10/25/2018 17:00,2018 Q 4,3,20,0,0,0,9,9,8,0,0,Biography
The Old Man & the Gun,11/11/2018 12:00,2018 Q 4,7,25,2,0,2,5,9,0,0,0,Biography
The Old Man & the Gun,10/24/2018 19:30,2018 Q 4,12,10,4,3,3,2,4,6,0,0,Biography
The Old Man & the Gun,10/20/2018 14:30,2018 Q 4,16,60,0,2,1,10,11,3,0,0,Biography
The Old Man & the Gun,10/21/2018 14:30,2018 Q 4,24,65,1,0,1,10,15,0,0,0,Biography
The Old Man & the Gun,10/28/2018 14:30,2018 Q 4,16,55,3,2,1,5,7,4,0,0,Biography
The Old Man & the Gun,10/31/2018 19:30,2018 Q 4,5,13,4,0,0,1,3,3,0,0,Biography
The Party,3/29/2018 18:00,2018 Q 1,4,7,0,0,0,2,3,1,0,0,Comedy
The Party,3/28/2018 19:30,2018 Q 1,10,7,2,0,2,0,0,4,0,0,Comedy
The Party,3/23/2018 16:00,2018 Q 1,3,12,0,1,0,3,5,2,0,0,Comedy
The Party,3/23/2018 18:00,2018 Q 1,12,8,0,0,0,4,2,4,0,0,Comedy
The Party,3/28/2018 17:30,2018 Q 1,0,6,0,0,0,3,2,0,0,0,Comedy
The Party,3/25/2018 17:30,2018 Q 1,9,10,1,0,0,2,2,0,0,0,Comedy
The Party,3/29/2018 20:00,2018 Q 1,4,1,0,1,0,0,1,1,0,0,Comedy
The Party,3/23/2018 20:00,2018 Q 1,24,7,3,0,2,6,4,7,0,0,Comedy
The Party,3/25/2018 19:30,2018 Q 1,2,8,0,1,2,0,0,2,0,0,Comedy
The Party,3/26/2018 17:30,2018 Q 1,4,3,1,0,0,4,2,2,0,0,Comedy
The Party,3/24/2018 17:30,2018 Q 1,7,0,2,2,1,1,1,1,0,0,Comedy
The Party,3/27/2018 19:30,2018 Q 1,9,3,2,0,0,0,3,4,0,0,Comedy
The Party,3/24/2018 19:30,2018 Q 1,15,3,1,0,2,4,5,1,0,0,Comedy
The Party,3/27/2018 17:30,2018 Q 1,7,2,2,0,0,2,3,3,0,0,Comedy
The Phantom of the Opera,1/25/2017 21:00,2017 Q 1,124,0,0,0,7,12,16,29,0,0,Drama
The Rocky Horror Picture Show,10/5/2018 22:00,2018 Q 4,3,0,0,202,7,10,18,42,0,0,Comedy
The Rocky Horror Picture Show,10/21/2016 22:00,2016 Q 4,223,0,0,3,16,24,24,37,0,0,Comedy
The Rocky Horror Picture Show,10/26/2017 22:00,2017 Q 4,244,0,0,2,4,15,22,36,0,0,Comedy
The Rocky Horror Picture Show,10/22/2016 22:00,2016 Q 4,244,0,0,2,7,10,31,64,0,0,Comedy
The Rocky Horror Picture Show,10/26/2016 22:00,2016 Q 4,201,0,0,0,4,6,17,36,0,0,Comedy
The Rocky Horror Picture Show,10/21/2017 22:00,2017 Q 4,245,0,0,1,1,7,13,44,0,0,Comedy
The Rocky Horror Picture Show,10/25/2017 22:00,2017 Q 4,163,0,0,3,8,14,17,16,0,0,Comedy
The Rocky Horror Picture Show,10/20/2017 22:00,2017 Q 4,246,0,0,0,7,10,13,27,0,0,Comedy
The Rocky Horror Picture Show,10/6/2018 22:00,2018 Q 4,29,0,0,217,3,6,19,48,0,0,Comedy
The Rocky Horror Picture Show,10/10/2018 22:00,2018 Q 4,6,0,0,196,0,4,8,13,0,0,Comedy
The Rocky Horror Picture Show,10/27/2016 22:00,2016 Q 4,246,0,0,0,5,12,26,39,0,0,Comedy
The Rocky Horror Picture Show,10/11/2018 22:00,2018 Q 4,10,0,0,236,7,1,21,42,0,0,Comedy
The Room,12/1/2017 22:00,2017 Q 4,235,0,0,11,8,15,22,36,0,0,Drama
The Room,12/14/2018 22:00,2018 Q 4,187,0,0,0,6,11,22,44,0,0,Drama
The Room,9/29/2016 22:00,2016 Q 3,53,0,0,0,5,6,13,10,0,0,Drama
The Room,5/11/2017 22:00,2017 Q 2,62,0,0,2,0,3,9,8,0,0,Drama
The Room,9/28/2016 22:00,2016 Q 3,28,0,0,0,0,0,7,8,0,0,Drama
The Room,12/15/2018 22:00,2018 Q 4,157,0,0,1,2,3,11,20,0,0,Drama
The Room,9/24/2016 22:00,2016 Q 3,78,0,0,1,2,6,10,26,0,0,Drama
The Room,5/5/2017 22:00,2017 Q 2,83,0,0,2,3,3,12,40,0,0,Drama
The Room,9/23/2016 22:00,2016 Q 3,147,0,0,0,11,23,22,32,0,0,Drama
The Room,5/10/2017 22:00,2017 Q 2,72,0,0,0,2,6,5,16,0,0,Drama
The Room,5/6/2017 22:00,2017 Q 2,123,0,0,0,11,12,28,34,0,0,Drama
The Room,12/7/2017 22:00,2017 Q 4,244,0,0,1,5,16,33,30,0,0,Drama
The Room,12/2/2017 22:00,2017 Q 4,246,0,0,0,12,3,7,23,0,0,Drama
The Sandlot,7/22/2016 22:00,2016 Q 3,6,0,0,0,0,0,0,1,0,0,Comedy
The Sandlot,7/28/2016 22:00,2016 Q 3,8,0,0,0,1,3,3,4,0,0,Comedy
The Shape of Water,2/9/2018 19:30,2018 Q 1,42,19,9,2,2,7,10,12,0,0,Drama
The Shape of Water,2/9/2018 16:30,2018 Q 1,5,8,1,0,2,2,2,4,0,0,Drama
The Shape of Water,2/2/2018 16:30,2018 Q 1,20,11,11,0,4,6,10,7,0,0,Drama
The Shape of Water,2/10/2018 13:30,2018 Q 1,18,14,5,5,2,4,16,7,0,0,Drama
The Shape of Water,2/13/2018 19:30,2018 Q 1,15,2,2,0,0,0,2,3,0,0,Drama
The Shape of Water,2/18/2018 16:30,2018 Q 1,20,3,8,0,0,6,6,6,0,0,Drama
The Shape of Water,2/14/2018 16:30,2018 Q 1,6,6,6,5,0,1,9,7,0,0,Drama
The Shape of Water,2/18/2018 13:30,2018 Q 1,14,5,0,0,0,6,3,0,0,0,Drama
The Shape of Water,3/11/2018 14:00,2018 Q 1,30,14,9,1,4,8,11,12,0,0,Drama
The Shape of Water,2/13/2018 16:30,2018 Q 1,3,1,0,0,0,1,3,0,0,0,Drama
The Shape of Water,2/8/2018 16:30,2018 Q 1,3,3,5,0,1,1,1,2,0,0,Drama
The Shape of Water,2/10/2018 16:30,2018 Q 1,24,18,5,2,3,5,7,4,0,0,Drama
The Shape of Water,2/10/2018 19:30,2018 Q 1,22,6,14,6,2,5,8,9,0,0,Drama
The Shape of Water,2/22/2018 22:00,2018 Q 1,25,0,8,2,1,6,3,1,0,0,Drama
The Shape of Water,2/15/2018 16:30,2018 Q 1,2,3,2,0,1,1,0,1,0,0,Drama
The Shape of Water,2/11/2018 19:30,2018 Q 1,13,1,0,0,1,2,3,3,0,0,Drama
The Shape of Water,2/7/2018 16:30,2018 Q 1,4,6,3,1,0,1,1,4,0,0,Drama
The Shape of Water,2/11/2018 13:30,2018 Q 1,34,10,1,1,2,9,8,3,0,0,Drama
The Shape of Water,2/11/2018 16:30,2018 Q 1,13,4,1,0,0,0,0,3,0,0,Drama
The Shape of Water,2/20/2018 16:30,2018 Q 1,19,3,2,1,1,9,4,2,0,0,Drama
The Shape of Water,2/17/2018 13:30,2018 Q 1,29,11,1,0,1,12,7,2,0,0,Drama
The Shape of Water,2/3/2018 14:00,2018 Q 1,25,12,5,0,4,9,7,1,0,0,Drama
The Shape of Water,2/3/2018 16:30,2018 Q 1,46,23,24,6,4,13,30,14,0,0,Drama
The Shape of Water,2/17/2018 16:30,2018 Q 1,56,10,11,0,1,20,16,15,0,0,Drama
The Shape of Water,2/15/2018 19:30,2018 Q 1,29,4,4,0,1,5,7,10,0,0,Drama
The Shape of Water,3/10/2018 14:00,2018 Q 1,19,6,7,0,0,3,6,1,0,0,Drama
The Shape of Water,2/4/2018 16:30,2018 Q 1,16,10,7,0,1,2,4,7,0,0,Drama
The Shape of Water,2/12/2018 16:30,2018 Q 1,6,2,0,0,1,0,3,1,0,0,Drama
The Shape of Water,2/4/2018 14:00,2018 Q 1,38,25,20,3,2,11,17,12,0,0,Drama
The Shape of Water,2/6/2018 16:30,2018 Q 1,11,6,0,0,1,1,3,1,0,0,Drama
The Shape of Water,2/16/2018 16:30,2018 Q 1,19,9,4,1,1,2,5,4,0,0,Drama
The Shape of Water,2/5/2018 16:30,2018 Q 1,8,5,2,0,1,3,5,0,0,0,Drama
The Texas Chainsaw Massacre 2,5/9/2018 22:00,2018 Q 2,10,0,0,2,2,1,1,4,0,0,Comedy
The Texas Chainsaw Massacre 2,5/4/2018 22:00,2018 Q 2,12,0,0,2,0,0,0,3,0,0,Comedy
The Texas Chainsaw Massacre 2,5/5/2018 22:00,2018 Q 2,7,0,0,0,1,2,2,1,0,0,Comedy
The Texas Chainsaw Massacre 2,5/10/2018 22:00,2018 Q 2,5,0,0,0,0,0,0,3,0,0,Comedy
The Treasure of the Sierra Madre,8/29/2017 19:30,2017 Q 3,14,12,9,0,2,8,6,3,0,0,Adventure
The Treasure of the Sierra Madre,8/27/2017 11:30,2017 Q 3,3,5,0,0,0,3,2,0,0,0,Adventure
The Treasure of the Sierra Madre,8/26/2017 11:30,2017 Q 3,1,1,1,0,0,1,0,0,0,0,Adventure
The Void,4/21/2017 22:00,2017 Q 2,45,0,0,0,5,2,7,18,0,0,Horror
The Void,4/27/2017 22:00,2017 Q 2,46,0,0,0,4,11,4,14,0,0,Horror
The Void,4/22/2017 22:00,2017 Q 2,39,0,0,0,1,3,7,6,0,0,Horror
The Wife,9/29/2018 19:00,2018 Q 3,28,32,3,0,7,3,9,11,0,0,Drama
The Wife,10/4/2018 19:30,2018 Q 4,3,4,1,2,0,0,2,2,0,0,Drama
The Wife,9/24/2018 17:00,2018 Q 3,5,13,0,2,0,2,6,1,0,0,Drama
The Wife,9/22/2018 14:30,2018 Q 3,15,45,5,0,3,8,11,5,0,0,Drama
The Wife,9/30/2018 16:30,2018 Q 3,10,12,0,0,4,5,3,1,0,0,Drama
The Wife,9/29/2018 16:30,2018 Q 3,9,21,1,0,0,5,10,2,0,0,Drama
The Wife,9/21/2018 17:00,2018 Q 3,9,27,3,0,3,7,6,10,0,0,Drama
The Wife,10/1/2018 19:30,2018 Q 4,0,1,0,2,0,0,1,1,0,0,Drama
The Wife,9/23/2018 14:00,2018 Q 3,18,42,2,1,0,14,16,3,0,0,Drama
The Wife,9/29/2018 14:00,2018 Q 3,9,18,2,0,1,2,7,0,0,0,Drama
The Wife,9/23/2018 16:30,2018 Q 3,3,17,0,0,0,2,4,1,0,0,Drama
The Wife,9/21/2018 14:30,2018 Q 3,1,23,1,1,1,3,6,2,0,0,Drama
The Wife,9/24/2018 19:30,2018 Q 3,4,15,2,0,0,1,0,3,0,0,Drama
The Wife,9/21/2018 19:30,2018 Q 3,28,28,6,3,4,6,14,10,0,0,Drama
The Wife,9/26/2018 17:00,2018 Q 3,7,25,2,0,0,3,8,5,0,0,Drama
The Wife,10/1/2018 17:00,2018 Q 4,3,7,0,0,0,2,2,1,0,0,Drama
The Wife,9/25/2018 17:00,2018 Q 3,11,24,2,1,0,3,4,14,0,0,Drama
The Wife,9/28/2018 14:00,2018 Q 3,6,7,0,0,0,3,3,0,0,0,Drama
The Wife,10/2/2018 17:00,2018 Q 4,2,8,0,0,0,0,2,1,0,0,Drama
The Wife,10/4/2018 17:00,2018 Q 4,3,13,1,0,1,1,0,2,0,0,Drama
The Wife,9/27/2018 19:30,2018 Q 3,8,7,2,1,2,2,3,2,0,0,Drama
The Wife,9/28/2018 16:30,2018 Q 3,4,19,2,0,0,2,6,2,0,0,Drama
The Wife,9/30/2018 14:00,2018 Q 3,9,18,0,0,0,8,7,1,0,0,Drama
The Wife,10/2/2018 19:30,2018 Q 4,9,4,0,0,0,1,2,5,0,0,Drama
The Wife,9/22/2018 17:00,2018 Q 3,14,46,3,0,2,9,8,10,0,0,Drama
The Wife,9/27/2018 17:00,2018 Q 3,1,14,0,0,1,1,1,0,0,0,Drama
The Wife,9/22/2018 19:30,2018 Q 3,26,35,1,0,1,9,5,4,0,0,Drama
The Wife,9/28/2018 19:00,2018 Q 3,15,12,0,0,0,2,2,5,0,0,Drama
The Wife,9/30/2018 19:00,2018 Q 3,5,4,0,0,0,2,3,3,0,0,Drama
The Zookeeper's Wife,4/2/2017 17:00,2017 Q 2,14,24,2,1,1,8,7,4,0,0,Biography
The Zookeeper's Wife,4/6/2017 16:30,2017 Q 2,5,24,0,0,0,6,6,2,0,0,Biography
The Zookeeper's Wife,4/12/2017 16:30,2017 Q 2,1,10,1,0,0,4,5,0,0,0,Biography
The Zookeeper's Wife,4/2/2017 11:30,2017 Q 2,7,13,1,1,0,7,5,2,0,0,Biography
The Zookeeper's Wife,4/1/2017 16:30,2017 Q 2,13,26,0,0,0,3,5,2,0,0,Biography
The Zookeeper's Wife,3/31/2017 16:30,2017 Q 1,23,46,3,0,0,11,11,8,0,0,Biography
The Zookeeper's Wife,4/8/2017 16:30,2017 Q 2,15,19,3,2,3,11,8,3,0,0,Biography
The Zookeeper's Wife,4/7/2017 16:30,2017 Q 2,9,16,4,0,0,2,4,0,0,0,Biography
The Zookeeper's Wife,4/5/2017 16:30,2017 Q 2,6,23,1,0,0,8,8,1,0,0,Biography
The Zookeeper's Wife,4/9/2017 13:30,2017 Q 2,15,10,1,0,1,4,7,2,0,0,Biography
The Zookeeper's Wife,4/4/2017 15:00,2017 Q 2,1,14,5,0,0,4,4,0,0,0,Biography
Thelma & Louise,2/13/2019 19:30,2019 Q 1,15,5,3,1,2,2,3,6,0,0,Adventure
Thoroughbreds,4/11/2018 19:30,2018 Q 2,31,4,5,0,2,2,7,5,0,0,Comedy
Thoroughbreds,4/9/2018 19:30,2018 Q 2,26,1,4,2,1,5,2,6,0,0,Comedy
Thoroughbreds,4/7/2018 17:00,2018 Q 2,38,5,4,2,3,11,10,7,0,0,Comedy
Thoroughbreds,4/10/2018 17:00,2018 Q 2,17,3,2,0,1,4,4,7,0,0,Comedy
Thoroughbreds,4/6/2018 19:30,2018 Q 2,25,3,14,4,4,7,11,10,0,0,Comedy
Thoroughbreds,4/7/2018 19:30,2018 Q 2,47,1,9,1,1,6,8,6,0,0,Comedy
Time Bandits,9/24/2016 19:30,2016 Q 3,56,0,0,17,2,9,11,16,0,0,Adventure
Toni Erdmann,3/19/2017 11:30,2017 Q 1,9,8,1,2,1,6,5,2,0,0,Comedy
Twister,5/13/2017 22:00,2017 Q 2,18,0,0,0,0,0,2,4,0,0,Action
Twister,5/18/2017 22:00,2017 Q 2,8,0,0,0,0,0,1,2,0,0,Action
Twister,5/12/2017 22:00,2017 Q 2,32,0,0,0,1,8,6,3,0,0,Action
Velvet Goldmine,11/17/2018 22:00,2018 Q 4,12,0,0,0,1,0,1,4,0,0,Drama
Velvet Goldmine,11/16/2018 22:00,2018 Q 4,1,0,0,3,0,1,0,0,0,0,Drama
What Ever Happened to Baby Jane?,5/21/2017 11:30,2017 Q 2,2,3,2,0,1,1,0,0,0,0,Drama
What Ever Happened to Baby Jane?,5/22/2017 19:00,2017 Q 2,53,10,0,1,4,13,18,11,0,0,Drama
Wildlife,12/1/2018 14:30,2018 Q 4,17,17,1,0,4,3,5,3,0,0,Drama
Wildlife,12/5/2018 19:00,2018 Q 4,4,1,1,2,2,4,2,1,0,0,Drama
Wildlife,12/2/2018 19:30,2018 Q 4,8,1,2,1,0,0,4,2,0,0,Drama
Wildlife,12/9/2018 17:00,2018 Q 4,12,12,5,0,0,2,3,5,0,0,Drama
Wildlife,11/30/2018 19:30,2018 Q 4,5,4,8,1,0,1,3,3,0,0,Drama
Wildlife,11/30/2018 17:00,2018 Q 4,6,5,1,1,0,4,5,3,0,0,Drama
Wildlife,12/5/2018 16:30,2018 Q 4,3,2,0,0,0,1,0,1,0,0,Drama
Wildlife,12/2/2018 17:00,2018 Q 4,4,9,2,0,0,3,2,1,0,0,Drama
Wildlife,12/1/2018 17:00,2018 Q 4,11,12,2,0,0,0,1,1,0,0,Drama
Wildlife,12/7/2018 19:30,2018 Q 4,5,6,6,2,0,0,3,0,0,0,Drama
Wildlife,12/1/2018 19:30,2018 Q 4,21,18,3,0,1,2,6,11,0,0,Drama
Wildlife,12/4/2018 19:30,2018 Q 4,8,4,2,0,0,1,1,3,0,0,Drama
Wildlife,12/4/2018 17:00,2018 Q 4,3,12,0,0,1,3,5,2,0,0,Drama
Wildlife,12/2/2018 14:30,2018 Q 4,9,12,0,0,0,2,4,1,0,0,Drama
Wildlife,12/6/2018 16:30,2018 Q 4,4,4,0,2,0,0,3,2,0,0,Drama
Wildlife,12/6/2018 19:00,2018 Q 4,2,2,0,1,0,1,0,1,0,0,Drama
Wildlife,12/3/2018 19:30,2018 Q 4,2,5,2,0,0,1,3,2,0,0,Drama
Wildlife,12/8/2018 14:30,2018 Q 4,12,3,3,0,1,2,1,0,0,0,Drama
Yellow Submarine,8/7/2018 19:30,2018 Q 3,52,14,15,7,2,6,18,13,0,0,Animation
Yellow Submarine,8/12/2018 11:00,2018 Q 3,44,9,5,12,5,19,17,0,0,0,Animation
Yellow Submarine,8/11/2018 11:00,2018 Q 3,26,6,1,8,3,13,11,4,0,0,Animation
You Were Never Really Here,5/21/2018 17:00,2018 Q 2,7,3,1,0,1,4,2,2,0,0,Crime
You Were Never Really Here,5/21/2018 19:30,2018 Q 2,20,1,2,3,2,2,5,10,0,0,Crime
You Were Never Really Here,5/19/2018 14:30,2018 Q 2,4,5,2,1,0,3,0,0,0,0,Crime
You Were Never Really Here,5/18/2018 19:30,2018 Q 2,18,2,7,0,2,2,2,8,0,0,Crime
You Were Never Really Here,5/20/2018 17:00,2018 Q 2,8,2,1,0,1,3,2,1,0,0,Crime
You Were Never Really Here,5/24/2018 17:00,2018 Q 2,12,3,2,0,1,3,1,3,0,0,Crime
You Were Never Really Here,5/18/2018 17:00,2018 Q 2,6,4,0,2,0,1,5,3,0,0,Crime
You Were Never Really Here,5/20/2018 19:30,2018 Q 2,21,1,4,0,1,1,3,6,0,0,Crime
You Were Never Really Here,5/19/2018 19:30,2018 Q 2,17,5,4,1,0,1,2,1,0,0,Crime
You Were Never Really Here,5/22/2018 17:00,2018 Q 2,13,0,2,0,1,2,4,5,0,0,Crime
You Were Never Really Here,5/19/2018 17:00,2018 Q 2,6,0,0,0,0,2,0,0,0,0,Crime
You Were Never Really Here,5/23/2018 17:00,2018 Q 2,11,2,4,0,1,5,5,2,0,0,Crime
